,sorted,mapping
0,0.031276908,9.277583332999999
1,0.07385142,8.5850833335
2,0.07715334,8.438749999999999
3,0.08071709,8.520583333
4,0.08162384,8.020916667
5,0.08165678,8.3179166665
6,0.09146148,8.1939166665
7,0.09703187,7.1583333335
8,0.11071755,6.696083333500001
9,0.11236061,6.2870833335
10,0.12096574,5.851166666999999
11,0.12800163,5.808
12,0.1312614,5.816666667
13,0.13220058,6.0910833335
14,0.13799867,6.630583333000001
15,0.14211303,7.2935833335
16,0.14712219,7.576
17,0.14971156,7.710749999999999
18,0.15098643,7.7785833335
19,0.1515466,7.7002500000000005
20,0.17341593,6.998416666500001
21,0.1764058,6.4120833335
22,0.18203449,5.84575
23,0.18978518,5.492083333
24,0.19064751,5.0118333335
25,0.19128224,4.2856666665
26,0.19766851,3.3699166665
27,0.21135603,3.4692499999999997
28,0.21168053,3.8160833335
29,0.21797074,4.0130833335
30,0.23107356,4.159833333
31,0.23199643,4.25725
32,0.23419383,4.3525833335
33,0.23981318,4.3755
34,0.2424613,4.3551666665
35,0.2466626,4.3705833335
36,0.24666663,4.4295
37,0.25182524,4.484249999999999
38,0.2533117,4.4538333334999995
39,0.26365498,4.625916667
40,0.2652507,5.20425
41,0.2653955,5.201833333
42,0.27273494,4.8685
43,0.27411374,4.61725
44,0.27546954,4.2579166665
45,0.27738392,3.6422499999999998
46,0.27790648,2.51875
47,0.28005442,2.1175833335
48,0.2810397,1.8257500000000002
49,0.28112558,1.6658333335
50,0.28781158,1.8416666664999999
51,0.29299533,2.22075
52,0.30198607,2.5291666665
53,0.31528714,2.68175
54,0.31752732,2.7581666665
55,0.3186898,2.6194166665000003
56,0.3258787,2.558333333
57,0.32885373,2.4535
58,0.32930362,2.4000833335
59,0.33152094,2.3374166665000002
60,0.3339473,2.2399166665
61,0.3392458,2.091083333
62,0.34010452,1.9104166664999997
63,0.34328333,1.6591666665
64,0.34767717,1.6419166664999998
65,0.34976688,1.640583333
66,0.35360453,1.6409166665
67,0.35609,1.543083333
68,0.36228624,1.2595833330000001
69,0.36281875,0.9175833335
70,0.3641301,0.87875
71,0.36806414,0.87425
72,0.36823508,0.89825
73,0.36823702,0.889583333
74,0.3713073,0.9706666669999999
75,0.3726765,1.2360833329999998
76,0.37717968,1.414
77,0.38088936,1.5695833335
78,0.38176236,1.6465833335000002
79,0.38252372,1.737583333
80,0.38555178,1.7405
81,0.3881664,1.7066666664999999
82,0.38894448,1.62575
83,0.39368728,1.5721666665
84,0.3953407,1.4805833334999998
85,0.39643562,1.4195
86,0.3973687,1.4635
87,0.40408972,1.3795000000000002
88,0.40626144,1.5747499999999999
89,0.41157666,1.8333333330000001
90,0.41232502,2.110416667
91,0.41440976,2.3465
92,0.41567147,2.486916667
93,0.41620368,2.8522499999999997
94,0.42900586,3.157666667
95,0.43483567,3.4070833335
96,0.4394968,3.6723333335
97,0.44053912,3.4276666665
98,0.44399405,3.2261666665
99,0.44439945,3.0315000000000003
100,0.44712767,3.5203333335
101,0.4472108,4.0754166665
102,0.4511089,4.367166666999999
103,0.4511863,4.1390833335
104,0.45167825,3.525333333
105,0.4563828,3.044
106,0.45793623,2.58025
107,0.45915547,2.2548333329999997
108,0.46028858,2.104166667
109,0.46262684,2.09775
110,0.46425444,3.696416667
111,0.4685714,4.1006666665000004
112,0.4727737,3.6436666664999997
113,0.4728289,2.6138333329999996
114,0.47424507,2.020416667
115,0.47447237,1.3175
116,0.48190117,0.8668333335
117,0.48226827,0.8530833335
118,0.4876432,0.718666667
119,0.4921711,0.6446666665
120,0.49423373,0.542
121,0.49483865,0.6250833335
122,0.4949631,0.7265833335
123,0.49562693,0.9032499999999999
124,0.49745828,1.3152499999999998
125,0.4976398,1.662916667
126,0.49930438,1.8480833335
127,0.50219005,1.9224166665
128,0.5022136,1.9639166664999999
129,0.5030679,1.9260833335000003
130,0.50495017,1.8164166664999999
131,0.5052857,1.6883333335000001
132,0.506132,1.552
133,0.507968,1.339916667
134,0.5112419,1.3921666670000001
135,0.51192033,1.8563333335
136,0.5126161,1.5593333335000001
137,0.5132552,1.243666667
138,0.5132644,1.0518333335
139,0.514617,0.915
140,0.5150855,0.8669166665000001
141,0.51671416,0.8500000000000001
142,0.51894933,0.949833333
143,0.51896906,1.0114166665
144,0.5189882,1.1439166665
145,0.51914006,1.2296666665
146,0.51933473,0.8975833335
147,0.51982826,0.8973333335
148,0.5201745,1.0333333335
149,0.5208648,1.127583333
150,0.52249837,1.1779166665
151,0.52319044,1.232
152,0.5247033,1.2626666665
153,0.52555186,1.252
154,0.5276968,1.1455000000000002
155,0.5283397,1.041
156,0.5289656,0.95775
157,0.5290479,0.94425
158,0.53023595,0.93825
159,0.531562,1.4768333335000001
160,0.53271055,2.0259166664999997
161,0.5327522,1.956083333
162,0.5339312,1.8466666665
163,0.5340089,1.8929999999999998
164,0.53499323,1.734
165,0.5354874,1.5422500000000001
166,0.5358697,1.3295833335
167,0.53659105,0.9626666665
168,0.53674906,0.806
169,0.5372033,0.7989999999999999
170,0.53850055,0.6875
171,0.54068804,0.8405
172,0.54163677,0.99075
173,0.5461758,1.05725
174,0.5499428,1.11425
175,0.551361,1.1518333335
176,0.55191237,1.22275
177,0.5521446,1.316916667
178,0.552182,1.38425
179,0.5528508,1.4580833335
180,0.5548217,1.484333333
181,0.5556527,1.4586666665
182,0.5570399,1.3403333335
183,0.55713797,1.5185
184,0.55732715,1.548666667
185,0.5579639,1.2786666665
186,0.5598396,1.1766666665
187,0.5616192,1.1419166665
188,0.5630788,1.068333333
189,0.5651629,0.8105833335
190,0.5667989,0.7610833335
191,0.5679466,0.8035833335
192,0.56975466,0.8565
193,0.5704093,0.9879166669999999
194,0.5707882,1.1092499999999998
195,0.5709119,1.3973333335
196,0.5766684,1.7820833335000001
197,0.5779376,2.036916667
198,0.5788358,2.1811666665000002
199,0.5792653,2.18225
200,0.5808503,2.1121666665000003
201,0.58180785,2.0591666665
202,0.5846049,1.9692500000000002
203,0.58481854,1.8854166665
204,0.5851758,1.7880833329999999
205,0.5875822,1.54925
206,0.59001106,1.4148333334999998
207,0.59125113,1.161666667
208,0.5918582,1.5554166665
209,0.59210813,1.718
210,0.593098,1.677
211,0.59419787,1.5201666665
212,0.59449995,1.1774166665
213,0.59481907,0.8020833334999999
214,0.59714013,0.33091666649999996
215,0.60513335,0.15
216,0.60559446,0.499
217,0.6059755,0.8438333335
218,0.60606015,1.06875
219,0.6070996,1.1596666665
220,0.60739857,1.267833333
221,0.6082688,1.24775
222,0.6099963,1.1660833335
223,0.61147475,1.03175
224,0.61357003,0.857
225,0.615171,0.7119166665
226,0.6164427,0.6245833335
227,0.6175321,0.634583333
228,0.61771995,0.700916667
229,0.6201477,0.7003333335
230,0.62117505,0.7894166665
231,0.62190634,2.0524166665
232,0.6244635,2.7911666665
233,0.62780946,3.0821666665
234,0.6291316,3.1368333335
235,0.6317923,3.4294166665
236,0.636774,3.475166667
237,0.6373829,3.3054166670000003
238,0.63778573,3.0031666665000003
239,0.6385664,2.4838333335
240,0.63937885,2.3913333335
241,0.64049673,2.1323333335
242,0.6416605,1.8513333335
243,0.64209235,1.682
244,0.64358115,1.5403333335
245,0.64452463,1.289833333
246,0.64550215,1.1551666665
247,0.6457079,1.0129166665
248,0.6459417,0.9375833335
249,0.6461216,0.9325
250,0.64703155,1.0346666665
251,0.64746046,1.33
252,0.64855206,1.5899166665
253,0.64959663,1.4838333335
254,0.650412,1.739833333
255,0.6522028,2.6891666670000003
256,0.65236497,2.9509999999999996
257,0.65259475,2.5246666665
258,0.65269816,2.4491666665
259,0.65442044,2.4485
260,0.6551861,2.34825
261,0.65677136,2.2921666665
262,0.6569603,2.1515833334999996
263,0.6576776,1.8472499999999998
264,0.65770817,1.7215833335
265,0.65809554,1.8288333335
266,0.65869105,1.8589166664999999
267,0.6587193,1.298666667
268,0.66091084,1.2275833335000002
269,0.66144365,1.3458333329999999
270,0.66154563,1.416
271,0.6632883,1.3400833335
272,0.6647814,1.1515
273,0.66761416,0.9139166670000001
274,0.66783553,0.6795
275,0.6718432,0.511666667
276,0.6721271,0.47925
277,0.6726184,0.4696666665
278,0.6733962,0.7368333335
279,0.6758175,1.2669166664999998
280,0.677247,1.630666667
281,0.6781053,1.729083333
282,0.6783514,1.607
283,0.67863077,1.473083333
284,0.6787558,1.6879166665
285,0.67978996,1.60925
286,0.6798196,1.3916666665
287,0.6807145,1.2835
288,0.68075824,1.156083333
289,0.68102455,1.1316666670000002
290,0.68148965,0.9575833335
291,0.6821168,0.79125
292,0.68225867,0.956416667
293,0.68248206,1.3504999999999998
294,0.68250763,1.8736666665000001
295,0.6830035,2.05125
296,0.68371165,2.00375
297,0.6840575,1.9260833334999998
298,0.6873602,1.8501666665
299,0.68742645,1.74725
300,0.68854207,1.6792500000000001
301,0.6889731,1.512
302,0.6897603,1.3821666665
303,0.69126016,1.9205833335000002
304,0.6917216,2.05375
305,0.69195503,2.0505
306,0.6923783,1.92025
307,0.69325125,2.1029999999999998
308,0.69375247,2.6666666665000003
309,0.6940722,3.18475
310,0.69502664,2.958166667
311,0.6981661,2.589
312,0.69830316,2.3705
313,0.69849426,2.178083333
314,0.6995737,1.8145
315,0.70062107,1.321916667
316,0.70071924,1.5431666665
317,0.7009416,1.698666667
318,0.7012677,1.7411666664999998
319,0.7014557,1.794916667
320,0.7020149,1.8894166669999999
321,0.70315653,2.0329166665
322,0.70374054,2.1088333335
323,0.70395964,2.1245833335000004
324,0.70802224,2.0138333335
325,0.71324545,1.8381666665
326,0.713824,1.6866666664999999
327,0.71606755,2.5960833335
328,0.71645993,2.904833333
329,0.71669817,2.7866666665
330,0.71684897,2.6200833335000002
331,0.7173304,2.3140833335
332,0.718075,2.011333333
333,0.718383,1.4705
334,0.72355384,0.687916667
335,0.7236238,0.093083333
336,0.7239133,0.3810833335
337,0.7246738,0.82225
338,0.7254213,0.9554166665
339,0.7259244,0.8704166664999999
340,0.7262095,1.1216666665
341,0.7276596,1.3270833335
342,0.72786796,1.5170833335
343,0.72848386,1.7145000000000001
344,0.72858644,1.8685833330000001
345,0.7286243,1.958916667
346,0.7286613,2.0055833335
347,0.72935796,2.029666667
348,0.73112655,2.0629999999999997
349,0.7312811,2.814666667
350,0.7334764,4.6466666665
351,0.7367075,5.12125
352,0.7368359,5.353916667
353,0.7382922,5.3986666665000005
354,0.73891705,5.43075
355,0.73938227,5.2151666665
356,0.7397238,4.935333333
357,0.74071026,4.68875
358,0.74144185,4.253
359,0.74199605,3.016
360,0.7422,2.0104166665000003
361,0.7422444,1.276666667
362,0.7435316,0.94825
363,0.74502754,1.0003333335
364,0.7451877,1.04275
365,0.74805564,1.0078333335
366,0.7482471,0.9775833334999999
367,0.74923223,0.9895833335
368,0.74967253,0.9830833335
369,0.7497713,0.94825
370,0.74995965,0.937
371,0.75009865,1.02225
372,0.7507559,1.2906666665
373,0.7527679,1.40725
374,0.754286,1.477583333
375,0.7543645,2.327
376,0.7552629,2.65
377,0.75614136,2.6699166665
378,0.7563467,3.0744166665000003
379,0.7570702,3.2398333335
380,0.75897145,3.244083333
381,0.75968176,3.434916667
382,0.7598072,3.8015
383,0.7600677,4.0868333334999996
384,0.76112413,4.029999999999999
385,0.7612913,3.7768333335
386,0.7637628,4.1751666665
387,0.7650911,3.9537500000000003
388,0.76524395,4.0436666665
389,0.7662858,4.067833333
390,0.7666346,4.157333333
391,0.76861143,4.2904166665000005
392,0.7686449,4.4008333335
393,0.76918775,4.3393333335
394,0.7698324,4.2359166665
395,0.77027816,4.26375
396,0.77065337,4.5322499999999994
397,0.770821,5.1043333335
398,0.7709008,5.563166667
399,0.77154416,6.257416667
400,0.7738969,6.568916667
401,0.7760385,6.5215
402,0.77687716,6.080166667
403,0.7774351,5.7025833335
404,0.7815952,5.3651666665
405,0.78166324,4.9879999999999995
406,0.7827886,4.636416667000001
407,0.78417385,4.205083333499999
408,0.7859033,3.7033333335
409,0.7863599,2.4755833330000003
410,0.78759813,2.1049166665
411,0.7878243,1.84175
412,0.78869945,1.3867500000000001
413,0.7890328,1.4601666665000002
414,0.7905118,1.4252500000000001
415,0.7912333,1.202166667
416,0.791439,0.8348333330000001
417,0.7930603,0.45525
418,0.7933561,0.45799999999999996
419,0.7937764,0.6559999999999999
420,0.79390156,0.88
421,0.79408157,0.8493333335
422,0.79521066,0.9786666665
423,0.79658437,1.640416667
424,0.7970803,1.7229166665000002
425,0.79713064,1.7305
426,0.7973445,1.7614166665000002
427,0.8002356,1.8175
428,0.801772,1.9295833335
429,0.8018065,2.0990833335000003
430,0.80204624,2.2023333330000003
431,0.803849,2.1823333335
432,0.804152,1.8163333329999998
433,0.805751,1.693
434,0.8059419,1.8526666665
435,0.806056,2.4193333335
436,0.8071993,2.4709166665
437,0.80727315,1.8813333335
438,0.8079636,0.8925833335000001
439,0.8092894,0.6308333334999999
440,0.81064343,0.56925
441,0.8111973,0.5615000000000001
442,0.8126939,0.5124166665
443,0.81326956,0.440083333
444,0.8134683,0.4758333335
445,0.81371796,1.38175
446,0.8143299,3.3350833335
447,0.8143656,4.665166667
448,0.8162311,5.4314166665
449,0.8164576,6.0695
450,0.8171896,6.70925
451,0.8175568,6.6215833335
452,0.8184722,6.082
453,0.8193051,5.6566666665
454,0.82069683,5.344583333
455,0.8209102,4.9704999999999995
456,0.8218687,4.5621666665
457,0.8226983,3.3771666665
458,0.82308924,2.012333333
459,0.8250335,0.973916667
460,0.825115,1.0098333335
461,0.8254223,1.0834166665
462,0.8256923,1.0164166665
463,0.8270368,0.8975833335
464,0.83003706,0.8154166665
465,0.8301158,0.8078333335000001
466,0.8303131,0.7691666664999999
467,0.83058095,0.7704166665000001
468,0.830765,0.8560000000000001
469,0.83109224,1.0439166665
470,0.8311186,1.33825
471,0.83162165,1.110416667
472,0.83347523,1.1681666665000001
473,0.8342221,1.55375
474,0.8345027,1.751083333
475,0.83524626,2.2500833335
476,0.83602047,3.1717500000000003
477,0.8364485,3.61475
478,0.8367659,3.804
479,0.83731556,3.76575
480,0.83823335,3.4416666664999997
481,0.83840287,2.5888333335000002
482,0.84023935,1.83
483,0.8404883,1.3589166664999999
484,0.84078604,1.4593333335
485,0.8416634,1.55125
486,0.8418114,1.5775000000000001
487,0.8419343,1.491
488,0.8422161,1.3806666665
489,0.8426416,1.2683333330000002
490,0.8429772,1.1364166665
491,0.84335315,1.0761666665
492,0.8442597,1.4436666665
493,0.8444538,1.5859999999999999
494,0.84477735,1.3686666665
495,0.84515554,1.1070833335
496,0.84656006,1.35675
497,0.84692055,1.45975
498,0.8471746,1.6065833335000002
499,0.8476364,2.068416667
500,0.84780174,2.3871666664999998
501,0.85078764,2.871166667
502,0.8508002,3.141416667
503,0.85139406,2.9380833335
504,0.8519972,2.7269166665
505,0.8532938,2.784166667
506,0.85508794,2.6230833335
507,0.85551935,2.555
508,0.8562929,4.6289166665
509,0.8580529,6.631
510,0.8599655,8.801666666500001
511,0.86011183,8.4168333335
512,0.8604479,6.8669166665
513,0.8606995,5.699249999999999
514,0.8612296,4.7224166665
515,0.86241037,3.3634166665
516,0.8632151,2.8140833335
517,0.8632512,3.73925
518,0.8651481,3.9555833335
519,0.8657481,3.5373333335
520,0.8659216,2.4307499999999997
521,0.8665617,1.8992499999999999
522,0.86675155,2.6495833335
523,0.8671863,3.558666667
524,0.86737573,2.926416667
525,0.8676059,1.966
526,0.86771244,1.1514166665
527,0.8686531,0.7989166665
528,0.8691662,1.123
529,0.8695561,1.3806666665
530,0.86967665,0.866833333
531,0.86971366,0.7455833335
532,0.8704535,1.0415
533,0.870683,1.27625
534,0.8740903,1.461083333
535,0.8762411,1.7886666665
536,0.8767695,2.3069166665000003
537,0.87692404,3.8831666665
538,0.8771094,4.684083333
539,0.8776152,4.886
540,0.87922907,4.9905
541,0.880041,4.976
542,0.8805199,4.970750000000001
543,0.88081205,5.129333333
544,0.88345826,5.3349166665
545,0.8835236,5.4037500000000005
546,0.8838022,5.4548333335
547,0.8838987,5.58325
548,0.8857361,5.955
549,0.8861979,6.2068333330000005
550,0.8875124,6.348333333499999
551,0.8875973,6.2506666665
552,0.8896236,6.0045
553,0.89006114,5.70725
554,0.8901564,5.44475
555,0.8904763,5.265166667
556,0.89216095,5.526916667
557,0.8932526,6.0265833335
558,0.89363664,6.52425
559,0.89590544,6.55175
560,0.8970698,6.3115000000000006
561,0.8975417,5.484333333
562,0.89792407,4.8664166665
563,0.8985336,4.650583333
564,0.8987014,4.64775
565,0.9010209,5.22025
566,0.90208083,5.4241666665
567,0.90286183,5.700333333
568,0.90351444,6.239583333500001
569,0.9041516,6.44325
570,0.90428674,6.3230833335
571,0.90444493,6.3175
572,0.9046233,6.2576666670000005
573,0.9050175,6.02575
574,0.9050578,5.7125833335
575,0.9051127,5.289166667
576,0.90523744,4.641
577,0.90555626,3.2075
578,0.9070045,1.5791666665
579,0.90801215,1.137
580,0.9091071,1.2614166665
581,0.9094079,1.3659166665
582,0.9095005,1.4553333335
583,0.91006994,1.4505833335
584,0.91052306,1.39325
585,0.91061336,1.3747500000000001
586,0.9109921,1.3699166665
587,0.9113236,1.383
588,0.911718,1.7245833335
589,0.9122901,1.9526666665
590,0.9127841,2.501333333
591,0.9144681,2.6521666665
592,0.9150083,3.0435
593,0.91584975,3.63875
594,0.9158742,4.3943333330000005
595,0.91653264,4.64575
596,0.91665566,4.731333333
597,0.91665906,4.69575
598,0.91682005,4.432916667
599,0.91842943,3.66425
600,0.91866434,2.6544166665
601,0.9195499,2.0063333334999998
602,0.9202341,1.9855833335
603,0.92032176,1.7154166665
604,0.9206197,1.5663333334999998
605,0.9214924,1.65075
606,0.92163056,1.8072500000000002
607,0.92222357,1.76425
608,0.9227839,1.68675
609,0.92308885,1.70525
610,0.9238515,1.732166667
611,0.9238981,1.6015000000000001
612,0.92509055,1.597
613,0.9251449,1.69225
614,0.9253068,1.9858333335
615,0.9264491,2.6989166665
616,0.9267216,2.779666667
617,0.9275682,2.8366666665
618,0.9283221,3.08325
619,0.9286599,2.85525
620,0.9296841,2.6649166665
621,0.9302854,2.825
622,0.93048835,3.0806666665
623,0.9308705,2.85525
624,0.93105924,2.9459999999999997
625,0.9314465,2.8191666665
626,0.9319504,2.4175
627,0.9320758,1.6208333335
628,0.932284,1.087
629,0.9326902,1.0522500000000001
630,0.93337756,1.0720833335
631,0.9340533,0.9831666665000001
632,0.93407065,0.9462499999999999
633,0.93428504,0.9385
634,0.9344451,0.9685833335
635,0.9356282,1.0595833335
636,0.93659866,1.1988333335
637,0.93783504,1.347
638,0.93810284,1.7303333335
639,0.93810296,2.3543333329999996
640,0.93872905,2.4161666665
641,0.93897074,2.303916667
642,0.9391221,2.2245
643,0.9397231,2.1468333335
644,0.9403795,1.7488333335
645,0.9407863,1.306166667
646,0.9427398,1.0008333335000001
647,0.94289136,0.77925
648,0.9433129,0.8065833335
649,0.94338524,0.7723333335
650,0.9435456,0.51225
651,0.94422454,0.22175
652,0.9445296,0.371
653,0.9455769,0.6803333334999999
654,0.94609326,0.9884999999999999
655,0.9461507,1.1293333335
656,0.94653,1.1910833335
657,0.947271,1.2559166665000001
658,0.9473245,1.3354166665
659,0.947948,1.36625
660,0.9490341,1.6950833335
661,0.9496052,1.9578333335
662,0.94971824,2.0090833335
663,0.9511262,2.06675
664,0.95119476,2.1923333335
665,0.9523624,2.208
666,0.9526333,2.771916667
667,0.9547532,3.8301666665000003
668,0.955442,4.2606666665
669,0.9555462,4.342666667
670,0.9558499,3.9653333335
671,0.95612884,3.336833333
672,0.9562733,3.20075
673,0.95650285,2.749333333
674,0.95801973,2.233416667
675,0.9581619,1.7570000000000001
676,0.958248,1.67775
677,0.95994973,1.7984166670000001
678,0.9609435,1.8780833335
679,0.9618339,1.8916666665
680,0.96197724,1.8947500000000002
681,0.96305895,1.9059166665
682,0.9635262,1.94725
683,0.9637306,1.8375833335
684,0.96381384,1.6094166665
685,0.964336,1.7591666665
686,0.9644634,1.5968333335
687,0.9648171,1.1526666665
688,0.9648638,1.58025
689,0.96550685,2.3114166665
690,0.9656505,2.996
691,0.9663358,2.9894166665
692,0.9664639,2.198833333
693,0.96709687,1.98575
694,0.9674083,1.831083333
695,0.96831995,1.6070833334999999
696,0.9691278,1.3696666665000001
697,0.9698412,1.1009166664999999
698,0.97124916,0.830666667
699,0.97132474,0.81025
700,0.9713272,0.939
701,0.97223467,0.9063333334999999
702,0.97268355,0.7729999999999999
703,0.97522944,0.55875
704,0.97632027,0.523833333
705,0.9774716,0.5309999999999999
706,0.9779876,0.5395833335
707,0.9802315,0.5273333335
708,0.98126197,0.4616666665
709,0.981395,0.33099999999999996
710,0.98194236,0.252666667
711,0.9821848,0.56775
712,0.9827134,0.636666667
713,0.9843364,0.6490833334999999
714,0.98479724,0.6959166665000001
715,0.98681074,0.7990833335
716,0.9871718,1.0834166665
717,0.9872233,1.32925
718,0.9876158,1.62275
719,0.98796916,1.8534166665
720,0.98884636,1.9665
721,0.98886704,1.7929166665
722,0.9897195,1.51925
723,0.9898875,1.27325
724,0.9899124,1.3884166665
725,0.99068373,1.363333333
726,0.9908041,1.1724166665
727,0.9912404,1.0265833335
728,0.99128354,0.8825000000000001
729,0.9918481,0.7224999999999999
730,0.99224156,0.69
731,0.9922527,0.6750833334999999
732,0.9931669,0.6035
733,0.9932465,0.4168333335
734,0.996072,0.407666667
735,0.99806625,0.8284166665
736,0.9992482,1.584666667
737,0.99945456,2.2316666665
738,1.0002925,2.7640000000000002
739,1.000897,2.4045833334999998
740,1.0010763,2.04425
741,1.0011472,1.9649999999999999
742,1.0011953,1.9452500000000001
743,1.0012208,1.9036666665
744,1.0020413,1.9615833329999999
745,1.0034039,2.00175
746,1.0050472,2.036083333
747,1.0050985,2.155916667
748,1.005813,2.776833333
749,1.0058535,4.2735
750,1.006284,4.6466666665
751,1.0064828,4.9460833335
752,1.006642,4.81475
753,1.0066609,4.3295833335000005
754,1.0069821,3.9814166665
755,1.0072305,3.96075
756,1.0074893,4.3921666665
757,1.0092839,4.7627500000000005
758,1.0101762,4.835166667
759,1.0121624,4.7985833335
760,1.0122408,4.6688333335
761,1.0128864,4.6985833335
762,1.012939,4.383833333
763,1.0138236,4.087333333
764,1.0146081,4.0369166665
765,1.0149354,4.2299166665
766,1.0152152,4.5628333335
767,1.0161451,4.44975
768,1.0166554,4.620583333000001
769,1.0168662,4.587083333500001
770,1.0169563,4.651
771,1.0172226,4.49025
772,1.0186776,3.29725
773,1.0195123,1.8811666665
774,1.0204685,0.826083333
775,1.0211316,0.379
776,1.0214967,0.5226666665
777,1.0223712,0.8124166665
778,1.0225255,0.97725
779,1.022636,1.2031666665
780,1.0231297,1.4344999999999999
781,1.02384,2.1009166665
782,1.0246065,3.2531666665
783,1.0246439,3.46575
784,1.0248936,3.30975
785,1.0254502,3.3913333335000004
786,1.0257065,3.5017500000000004
787,1.0257732,4.052833333
788,1.0273339,4.278416667
789,1.0281268,4.448083333
790,1.0293032,4.60725
791,1.0307485,4.7017500000000005
792,1.0308213,4.4822500000000005
793,1.0311252,3.0625
794,1.0315928,1.6575
795,1.0326701,1.0307499999999998
796,1.0330509,1.0830833334999999
797,1.0356022,1.126833333
798,1.0357631,1.19525
799,1.0366004,1.2238333335
800,1.0370395,1.221833333
801,1.0371419,1.2807499999999998
802,1.0378573,1.50325
803,1.0388253,1.564416667
804,1.040911,1.5339166665
805,1.0436897,2.01825
806,1.043871,2.3861666670000004
807,1.0440215,3.7461666664999997
808,1.0441444,4.6766666665
809,1.045603,4.943
810,1.0458325,5.103166667
811,1.0460885,5.331250000000001
812,1.0461861,5.50675
813,1.0469359,5.6195
814,1.0471463,5.8638333335
815,1.0473273,6.2770833335
816,1.0487114,6.50475
817,1.0488114,6.5723333335
818,1.0489149,7.7305
819,1.0494014,7.8033333335
820,1.0494169,6.7372499999999995
821,1.0502752,6.423916667
822,1.0508064,6.440916667
823,1.0517341,5.8295833335000005
824,1.0519196,5.465999999999999
825,1.0520374,5.1564166665
826,1.0529411,4.659916667
827,1.0529733,4.3927499999999995
828,1.0534191,4.8765
829,1.0535759,5.4365833335
830,1.054303,5.72375
831,1.0543537,5.718666666500001
832,1.0549232,5.5175
833,1.055023,5.1489166665
834,1.0550919,4.8151666665
835,1.0551492,4.48025
836,1.056524,4.1741666665
837,1.0574417,3.5976666665000003
838,1.0575815,2.8819166665
839,1.0585359,2.3025
840,1.0586722,1.9315833334999999
841,1.059281,1.776
842,1.0593078,1.59325
843,1.0595247,1.430333333
844,1.0604082,1.4775833335000002
845,1.0605675,1.6320833330000002
846,1.0605993,1.662
847,1.0611767,1.6145
848,1.0619061,1.4554999999999998
849,1.0619618,1.3454166665
850,1.0626633,1.030333333
851,1.0636969,1.3740833335
852,1.064411,1.8186666665
853,1.06454,2.4295
854,1.0645403,3.682416667
855,1.0648595,4.199333333
856,1.0652192,4.4131666665
857,1.0659794,4.471916667
858,1.0661352,4.462416666499999
859,1.0664825,4.439083333499999
860,1.0667808,4.2456666665
861,1.0671312,3.9673333335
862,1.0674986,3.7654166665
863,1.0676767,3.788916667
864,1.0693808,3.55675
865,1.0694473,2.7761666665
866,1.0694674,1.9404166665
867,1.0695118,1.440916667
868,1.0698086,1.1875833335000001
869,1.0704662,1.2528333329999999
870,1.0708091,1.37825
871,1.0709556,1.4644166665
872,1.0712535,1.53525
873,1.0712749,1.5710833335
874,1.0724442,1.5876666665
875,1.0727808,1.5049166669999998
876,1.0729364,1.48575
877,1.0739338,1.7333333335
878,1.0752357,2.1414999999999997
879,1.075315,2.2581666665
880,1.0754777,3.0710833335
881,1.0760766,2.7178333329999997
882,1.0789573,2.393416667
883,1.0791212,2.007416667
884,1.0810107,1.7965833335
885,1.081519,1.73525
886,1.0817456,1.6851666665
887,1.0844234,1.5825833335000001
888,1.0850892,1.4424166669999998
889,1.0859003,1.226
890,1.086129,1.0815833334999998
891,1.0880876,1.1241666665
892,1.0885415,1.3658333329999999
893,1.0886972,1.5265833335
894,1.0893642,1.7404166664999998
895,1.0896409,2.1305833329999997
896,1.0909132,2.2709166665
897,1.0934844,2.056583333
898,1.0934968,1.4076666665
899,1.0935434,1.254
900,1.0939384,1.34175
901,1.0941455,1.9682499999999998
902,1.0949078,1.8909166665
903,1.0953574,1.433583333
904,1.0968199,0.9419166665
905,1.0970442,0.6504166665
906,1.0970668,0.7155
907,1.0970854,0.9523333334999999
908,1.0973643,1.3419166665
909,1.099104,1.73075
910,1.1001347,2.0859166665
911,1.1013718,2.6534166665
912,1.1022707,3.3687500000000004
913,1.1031199,4.0600000000000005
914,1.1033511,4.294
915,1.1042348,4.2626666669999995
916,1.1056273,4.33425
917,1.1061773,3.97575
918,1.1064256,3.3175
919,1.1065164,2.33875
920,1.1069735,2.1005833335
921,1.1073191,2.1926666665
922,1.1082636,2.2044166665
923,1.1090025,2.33225
924,1.1093903,2.5126666665
925,1.1094121,3.407833333
926,1.1098526,4.5184166665
927,1.1103705,4.474833332999999
928,1.1113294,3.7589166665000002
929,1.1127158,2.5064166665
930,1.11283,2.0271666665
931,1.113067,1.4705833335
932,1.1133425,1.2964166664999999
933,1.1141021,1.4241666670000002
934,1.1141816,1.5905833335
935,1.1143874,1.7817500000000002
936,1.1144105,1.9284166665
937,1.1145947,1.868
938,1.1146135,1.6746666669999999
939,1.115713,1.436083333
940,1.1162319,1.2595833330000001
941,1.1164569,1.1973333335
942,1.116638,1.181
943,1.1166772,1.2026666664999999
944,1.1177884,1.194833333
945,1.1179669,1.1615
946,1.1180471,1.135166667
947,1.1184741,1.1143333335
948,1.1199856,1.2031666665
949,1.1203358,1.3498333335
950,1.1205481,1.6299166665
951,1.1206447,1.8145833335
952,1.1212344,2.0330833335
953,1.1217681,2.151
954,1.1227939,2.2047499999999998
955,1.122873,2.2872500000000002
956,1.1252283,2.3234166665
957,1.1255891,2.3119166665
958,1.1259905,2.2805
959,1.126795,2.132666667
960,1.1269604,1.9961666664999997
961,1.1279217,1.917666667
962,1.129804,1.8355833329999998
963,1.1299208,1.7001666665
964,1.1309268,1.4785833335
965,1.132444,1.222333333
966,1.1325114,1.22675
967,1.1333667,1.2705
968,1.1351383,1.334916667
969,1.1360483,1.3065833334999999
970,1.1364089,1.34125
971,1.1374944,1.37075
972,1.1376271,1.324916667
973,1.1383672,1.2457500000000001
974,1.1386242,1.24725
975,1.1390235,1.4680833335
976,1.1390456,1.575
977,1.1390655,1.80925
978,1.1394435,1.983833333
979,1.1409556,2.11225
980,1.1417392,2.28525
981,1.1431556,2.462333333
982,1.1443522,2.5765000000000002
983,1.1445798,2.5481666665000002
984,1.1464384,2.2969999999999997
985,1.1465416,1.955
986,1.1473409,1.8016666665
987,1.147702,1.86175
988,1.1477591,2.0215833335
989,1.1488986,2.1713333329999998
990,1.149291,1.77725
991,1.1518656,1.19675
992,1.1521984,1.04625
993,1.1524737,1.1674166664999999
994,1.1525836,1.2481666665
995,1.1528679,1.188
996,1.1530647,1.0241666665
997,1.1538798,1.05325
998,1.1539546,1.00575
999,1.1541977,1.094166667
1000,1.1558151,1.036
1001,1.1560957,1.08975
1002,1.1571298,1.4850833335
1003,1.1588297,1.93725
1004,1.159677,2.22875
1005,1.1602644,2.36475
1006,1.1610258,2.38225
1007,1.1615105,2.3680833335
1008,1.1619728,2.302
1009,1.1628236,2.16825
1010,1.1646382,1.957
1011,1.1650892,1.6156666665
1012,1.1657343,1.40875
1013,1.1675441,1.4855833330000001
1014,1.167762,1.5559166665
1015,1.1683464,1.5179166665000001
1016,1.1683697,1.4918333335
1017,1.1697636,1.5081666669999998
1018,1.1700145,1.53125
1019,1.1702082,1.7385833335
1020,1.1704339,3.066916667
1021,1.1708448,4.2308333335
1022,1.1712295,4.4750833335
1023,1.1716512,4.205
1024,1.173372,3.833916667
1025,1.1739408,3.252
1026,1.1741991,2.83225
1027,1.1746218,2.8770833335
1028,1.1747988,3.0
1029,1.1752335,3.05975
1030,1.1760057,2.95925
1031,1.1767019,2.86275
1032,1.177135,2.5859166670000002
1033,1.1782627,2.1874166665
1034,1.1783506,1.4320833335
1035,1.1787437,1.0011666665
1036,1.17887,1.1035
1037,1.1812193,1.206916667
1038,1.1813734,1.1325833335
1039,1.1820232,0.9058333329999999
1040,1.1824908,0.489833333
1041,1.1834351,0.178583333
1042,1.1845566,0.0
1043,1.1846346,0.32608333349999996
1044,1.1847893,0.5015833335000001
1045,1.1851786,1.044583333
1046,1.1870494,2.24425
1047,1.1870509,3.474583333
1048,1.1875178,4.1483333335
1049,1.1882291,4.3964166670000004
1050,1.1886883,4.606333333
1051,1.1904185,4.7263333334999995
1052,1.1904358,4.806416667
1053,1.1905625,4.8874166665
1054,1.1911904,4.9301666665
1055,1.1913886,4.7985
1056,1.191744,4.3655833335
1057,1.1924123,3.4321666664999997
1058,1.1933588,2.422333333
1059,1.1936115,1.9009166665000001
1060,1.1939332,1.77525
1061,1.1954648,1.7393333334999999
1062,1.1963873,1.6505
1063,1.1971424,1.5380833335
1064,1.1977078,1.2935833335
1065,1.1990583,1.1535
1066,1.1991067,0.9859166665
1067,1.199698,0.8671666665
1068,1.2001454,0.79825
1069,1.2013812,0.9279166670000001
1070,1.2021134,1.58075
1071,1.2028707,2.43025
1072,1.2031087,3.334916667
1073,1.2036363,3.70425
1074,1.20531,3.6713333329999998
1075,1.2054532,3.6980000000000004
1076,1.2056456,3.79925
1077,1.2058705,3.885166667
1078,1.2061695,4.10825
1079,1.2067037,4.295999999999999
1080,1.2069863,4.4810833335
1081,1.2071501,4.508166666499999
1082,1.2075368,4.2534166665
1083,1.2080292,3.44975
1084,1.2102534,2.579083333
1085,1.2121147,2.9851666665
1086,1.2132496,3.9201666665
1087,1.2136452,3.879166667
1088,1.2142224,2.6690833334999997
1089,1.2144951,2.7076666665
1090,1.2149534,2.58725
1091,1.215461,3.565
1092,1.2162423,4.2155833335
1093,1.2163582,4.420249999999999
1094,1.21641,4.496
1095,1.2165611,4.4197500000000005
1096,1.2176214,4.0174166665
1097,1.2176409,3.2010833334999997
1098,1.2183874,2.3646666665
1099,1.2187151,1.77625
1100,1.2191132,1.355416667
1101,1.2193707,1.063
1102,1.2195214,0.838
1103,1.2202818,0.6794166665
1104,1.2207336,0.68975
1105,1.2212539,0.857
1106,1.2212932,0.9528333330000001
1107,1.2215188,0.74675
1108,1.222831,0.8798333334999999
1109,1.2233655,1.0070000000000001
1110,1.2238361,0.9843333335
1111,1.2242248,1.0258333335
1112,1.2244593,1.017916667
1113,1.2247444,0.9555833335
1114,1.2248464,0.8733333335
1115,1.2260597,0.7616666665
1116,1.2297653,0.6813333335
1117,1.22977,0.6763333334999999
1118,1.2312616,1.1058333335000001
1119,1.2314965,1.646416667
1120,1.231575,2.0771666665
1121,1.2324572,2.741583333
1122,1.2337514,3.3474166665
1123,1.234099,3.322
1124,1.2346117,3.02675
1125,1.2359518,2.59025
1126,1.2378427,2.31675
1127,1.2383881,2.0481666665000002
1128,1.2400576,1.7598333335
1129,1.2413148,1.47675
1130,1.241346,1.1212499999999999
1131,1.2423569,0.6234166665
1132,1.2424653,0.5466666665
1133,1.2429546,0.53775
1134,1.2430754,0.42083333349999996
1135,1.2431493,0.14741666650000002
1136,1.2431535,0.1979166665
1137,1.2441845,0.42166666649999995
1138,1.2449498,0.60425
1139,1.2459694,0.7334166664999999
1140,1.2469553,1.0511666665
1141,1.2477214,1.8828333334999998
1142,1.2481699,2.185
1143,1.2486064,2.50825
1144,1.248935,2.947166667
1145,1.249743,3.1870833335000004
1146,1.2498784,3.2407500000000002
1147,1.250037,2.941916667
1148,1.2503562,2.6055833335000003
1149,1.2536833,2.4215
1150,1.2546562,2.4055833335
1151,1.2546619,2.5606666665
1152,1.2557206,2.4266666665
1153,1.257387,2.258
1154,1.2574779,1.7250833335000002
1155,1.2576607,1.0451666665000001
1156,1.258113,1.0210000000000001
1157,1.2585512,1.1093333335
1158,1.2592882,1.0445
1159,1.2607836,0.9435
1160,1.2608137,0.8384166665
1161,1.261285,0.835
1162,1.2640688,0.8300833335
1163,1.2646214,0.81175
1164,1.2655042,0.6965833335
1165,1.2664433,1.1995
1166,1.2679031,1.7719166665000001
1167,1.2684311,2.2426666665
1168,1.2687291,2.6866666665
1169,1.2690017,3.204
1170,1.2707468,3.92625
1171,1.2711302,4.7580833335
1172,1.271411,5.54125
1173,1.2722939,6.3235
1174,1.2729259,6.80375
1175,1.2741431,7.0105833335
1176,1.2742879,6.8635
1177,1.2752354,6.436166667
1178,1.2788495,5.613833333500001
1179,1.2794966,4.969416667
1180,1.2800224,4.16175
1181,1.2803091,2.5446666665
1182,1.2811158,2.185583333
1183,1.2815303,2.1795
1184,1.2818125,2.08975
1185,1.2819722,2.2413333335
1186,1.2820717,2.6455833335
1187,1.2834221,3.285166667
1188,1.2841009,4.5988333335
1189,1.284135,5.148833333500001
1190,1.2851174,5.4695
1191,1.2851236,5.607749999999999
1192,1.2860382,5.6589166665
1193,1.2864425,5.795583333
1194,1.2873092,6.167833333
1195,1.2884662,6.5466666665
1196,1.2886761,7.058916667
1197,1.2892549,7.339583333
1198,1.2913613,7.3099166664999995
1199,1.2914841,6.9725
1200,1.2919955,6.47725
1201,1.2931823,5.9746666665
1202,1.2937353,5.450416667000001
1203,1.2942173,4.85975
1204,1.2942542,4.00275
1205,1.294332,2.97875
1206,1.2952127,2.4289166665
1207,1.2956705,2.0781666665
1208,1.2965474,2.2391666665
1209,1.298624,2.0629999999999997
1210,1.2989489,1.6680833335
1211,1.2989943,1.82025
1212,1.2998792,2.259333333
1213,1.2999828,2.1059166664999998
1214,1.3000765,1.4064166669999998
1215,1.3002341,0.9047499999999999
1216,1.3020095,0.62925
1217,1.3026513,0.6071666665
1218,1.3036059,0.7403333335
1219,1.3041725,0.984166667
1220,1.3042939,1.5460833335
1221,1.304512,1.9713333334999998
1222,1.3056561,2.364
1223,1.3058151,2.7355
1224,1.305982,2.8810833335
1225,1.3060387,2.7584999999999997
1226,1.3061475,2.2990833329999996
1227,1.307413,1.585666667
1228,1.3078444,1.4893333334999999
1229,1.3080115,1.6560833335
1230,1.309714,1.7245
1231,1.3099769,1.717333333
1232,1.3111564,1.6861666665
1233,1.3119587,1.6819166665
1234,1.312016,1.6702499999999998
1235,1.3129675,1.58775
1236,1.3130766,1.97975
1237,1.3139392,3.3105833330000003
1238,1.3149451,4.5595
1239,1.3164105,5.1056666669999995
1240,1.3164276,5.536666667
1241,1.3167945,5.906000000000001
1242,1.3172334,6.2162500000000005
1243,1.3174627,6.0290833335
1244,1.3176857,5.7861666665
1245,1.3180193,5.619
1246,1.3187855,5.375583333
1247,1.3190297,5.0146666665
1248,1.3197097,4.7336666665
1249,1.3197777,4.1765833335
1250,1.3199946,3.249416667
1251,1.3204263,2.0370833335
1252,1.3205986,1.8235000000000001
1253,1.3209227,1.7438333335
1254,1.3210658,1.7554166665
1255,1.321126,2.1581666665
1256,1.3229691,2.4244166665
1257,1.3230057,2.0885
1258,1.3240085,1.8044166664999999
1259,1.3240733,1.7349999999999999
1260,1.3247683,2.2553333330000003
1261,1.3263146,3.90875
1262,1.3267467,4.2357499999999995
1263,1.326861,4.3279166665
1264,1.3272047,4.1510833335
1265,1.3274564,3.8365
1266,1.3299536,3.488583333
1267,1.3302621,3.3765833335
1268,1.3302969,3.467
1269,1.3308377,3.48625
1270,1.3322402,3.413
1271,1.3335328,3.3091666665
1272,1.3341656,3.1175
1273,1.3343716,2.621583333
1274,1.3345903,2.19975
1275,1.33605,1.484416667
1276,1.3375885,1.36525
1277,1.3377537,1.4569166665
1278,1.3389786,1.4580833335
1279,1.3405257,1.4894166665
1280,1.3412219,1.8986666669999999
1281,1.3416771,2.8739999999999997
1282,1.343019,3.9152500000000003
1283,1.3444186,4.622
1284,1.3447019,4.7677499999999995
1285,1.3477343,4.920249999999999
1286,1.3483884,4.98125
1287,1.3487319,5.060916666500001
1288,1.3502449,5.02225
1289,1.3507922,5.0138333335
1290,1.3508135,4.9704999999999995
1291,1.3514396,4.9470833335
1292,1.3517952,4.7890833335
1293,1.351997,4.64475
1294,1.3538864,4.322
1295,1.3563323,3.8827499999999997
1296,1.3577403,3.144083333
1297,1.3591644,2.2180833335
1298,1.3595891,1.6663333329999999
1299,1.3598809,1.00975
1300,1.361461,0.7246666665000001
1301,1.3621001,0.76575
1302,1.3631215,0.7150833335
1303,1.3668013,0.6832499999999999
1304,1.3682666,0.6925
1305,1.3686242,0.60575
1306,1.3710839,0.4800833335
1307,1.3713255,0.304
1308,1.3724263,0.0765833335
1309,1.3724349,0.33999999999999997
1310,1.3727628,0.549333333
1311,1.3728476,0.873
1312,1.3733004,1.0119166665000001
1313,1.3733201,0.92975
1314,1.3735152,0.6759166665
1315,1.3740807,0.6785
1316,1.3748088,0.8954166665000001
1317,1.3748252,1.1894166665
1318,1.3748707,1.444583333
1319,1.3753346,1.692
1320,1.3757006,1.97375
1321,1.3758752,2.1923333334999997
1322,1.3763955,2.2555833329999997
1323,1.376753,2.1003333335
1324,1.376989,1.9488333335
1325,1.377574,1.7371666664999998
1326,1.3781921,1.6794166665
1327,1.3783243,1.7585
1328,1.3794528,1.8620833334999998
1329,1.3798119,1.9820833334999999
1330,1.3806117,2.249
1331,1.3818841,2.4054166665
1332,1.3821878,2.7548333334999997
1333,1.3827132,2.807583333
1334,1.3831636,2.6165000000000003
1335,1.3841668,2.536
1336,1.3854849,2.5625
1337,1.3856317,2.550583333
1338,1.3857192,2.5964166664999997
1339,1.386129,2.4474166664999997
1340,1.3863337,2.3285833335
1341,1.3877281,2.338583333
1342,1.3879175,2.5092499999999998
1343,1.3879864,2.8255833335
1344,1.3896797,3.2030833335000004
1345,1.3902394,3.2577499999999997
1346,1.3936008,3.1985833335000002
1347,1.3938411,3.07325
1348,1.3971734,2.5172499999999998
1349,1.3974222,2.3145833335
1350,1.3983266,2.314
1351,1.398722,2.19525
1352,1.399429,2.1029999999999998
1353,1.399857,1.91975
1354,1.4027224,1.9544166665000002
1355,1.4034072,2.128416667
1356,1.4043562,2.2725
1357,1.4045672,2.3400833335
1358,1.4068898,2.3297499999999998
1359,1.4072067,2.4143333335
1360,1.4077857,2.4185
1361,1.4078374,2.4457500000000003
1362,1.4089519,2.509583333
1363,1.4092046,2.792166667
1364,1.4125551,3.5430833335000003
1365,1.4137977,4.11025
1366,1.4140317,4.29875
1367,1.4147052,4.3230833335
1368,1.4147289,4.21025
1369,1.4156508,3.8031666664999997
1370,1.416779,3.1430833335
1371,1.4168943,2.1313333334999998
1372,1.4175037,1.5744166665
1373,1.4177144,1.2709166665
1374,1.4187614,1.2475
1375,1.4203887,1.264166667
1376,1.4209105,1.262
1377,1.4211211,1.223416667
1378,1.4227517,1.2259166665
1379,1.4229357,1.3034166665
1380,1.4234464,1.6871666665
1381,1.4241505,2.1388333335
1382,1.4247947,2.43275
1383,1.4280387,2.7454166664999997
1384,1.4290993,3.465583333
1385,1.4299636,4.020333333
1386,1.4304738,4.37575
1387,1.4308541,4.3346666665
1388,1.4310688,4.2495833335
1389,1.4318974,4.0795833329999995
1390,1.4328705,3.8746666665
1391,1.4332889,3.5446666665000004
1392,1.4333816,2.9081666664999997
1393,1.4339348,2.1325833335
1394,1.4343046,1.42775
1395,1.4347777,1.017916667
1396,1.4367534,1.046833333
1397,1.4376527,1.13675
1398,1.4378073,1.15525
1399,1.4384677,1.1980833335
1400,1.4390236,1.172583333
1401,1.4395181,1.1700833335
1402,1.4396806,1.1149166665
1403,1.4397054,0.967333333
1404,1.4431231,1.1284999999999998
1405,1.4434249,1.7992499999999998
1406,1.4435728,2.4355
1407,1.4444312,3.2790833335
1408,1.4445378,3.7422500000000003
1409,1.445103,3.8215
1410,1.445312,3.7483333335
1411,1.4453268,3.66125
1412,1.4458723,3.78575
1413,1.4465996,3.902
1414,1.4466257,3.9894166665000004
1415,1.4474449,3.976083333
1416,1.449288,3.68075
1417,1.4493408,3.0123333335
1418,1.4494048,2.1695833335000003
1419,1.4499358,1.2722499999999999
1420,1.45149,1.2709166665
1421,1.4516262,1.3063333335
1422,1.4529228,1.164166667
1423,1.4545925,0.9081666669999999
1424,1.4587489,0.6931666665
1425,1.4591881,0.5985
1426,1.4594183,0.5601666665
1427,1.4602346,0.568333333
1428,1.4612902,0.57075
1429,1.4620574,1.3445833335000001
1430,1.462585,1.8384166665000001
1431,1.4628268,1.93
1432,1.4634806,1.8275
1433,1.4642897,1.7072500000000002
1434,1.4644628,1.589583333
1435,1.4655722,1.6435
1436,1.4663008,1.8559999999999999
1437,1.4666854,2.077916667
1438,1.4670308,2.307
1439,1.4672258,2.50025
1440,1.4675586,2.5223333334999998
1441,1.4693832,2.2534166664999997
1442,1.46993,1.8354166665
1443,1.470144,1.2684166669999999
1444,1.4708079,0.9130833335
1445,1.4712344,0.9756666665
1446,1.472182,0.8819166665
1447,1.4722135,0.8385833334999999
1448,1.4735904,0.7571666670000001
1449,1.4741772,0.645333333
1450,1.4761357,0.585
1451,1.4763542,0.6169166665
1452,1.4767951,0.7123333334999999
1453,1.4771421,1.2418333335
1454,1.4785632,1.5738333335
1455,1.4790672,2.0513333335
1456,1.4795213,2.233416667
1457,1.4796411,2.4415
1458,1.482072,2.6251666670000002
1459,1.4827118,2.9809166664999998
1460,1.482848,3.273
1461,1.4834878,3.3732499999999996
1462,1.4846166,3.329
1463,1.4853755,3.2213333334999996
1464,1.4856517,2.8374166665000002
1465,1.488988,2.1996666664999998
1466,1.4915487,1.7370833335
1467,1.4919116,1.0801666665
1468,1.4930205,1.0198333335
1469,1.4938319,1.2048333329999998
1470,1.4948773,1.2913333335
1471,1.4958946,1.3260833335
1472,1.4961323,1.3479999999999999
1473,1.4962248,1.365166667
1474,1.4969496,1.384083333
1475,1.4979357,1.342916667
1476,1.4988691,2.0868333335
1477,1.4991757,2.2313333330000003
1478,1.4999816,2.1635833335
1479,1.5001777,1.8721666670000001
1480,1.501371,1.6970833330000001
1481,1.5028012,1.836
1482,1.5035145,2.035
1483,1.5050673,2.1764166664999998
1484,1.5060796,2.2585833335
1485,1.5081308,2.3035833329999997
1486,1.5099167,2.260083333
1487,1.5100691,2.1231666665
1488,1.510704,1.8979166665
1489,1.511085,1.754666667
1490,1.5116954,1.6103333335
1491,1.5145439,1.2393333329999998
1492,1.5154142,1.0321666665
1493,1.5166441,1.2266666665
1494,1.5172094,1.27625
1495,1.5185077,1.2688333335
1496,1.5189937,1.2318333335
1497,1.5202591,1.242416667
1498,1.5215101,1.2409166665
1499,1.5233762,1.16775
1500,1.5236682,1.3784166665000002
1501,1.5238134,1.5589166665
1502,1.523946,1.7375833335
1503,1.5240663,1.751
1504,1.5241088,1.5159166665
1505,1.524239,1.3849166670000002
1506,1.5245734,1.63525
1507,1.5249518,1.8746666665
1508,1.5253639,1.8021666664999998
1509,1.5259756,1.5070000000000001
1510,1.5273495,1.11875
1511,1.528478,1.105
1512,1.5286716,1.082833333
1513,1.5287807,0.8461666665
1514,1.5288626,0.8954166665000001
1515,1.5298028,0.8694999999999999
1516,1.5321068,0.8148333335
1517,1.5329983,0.9389166664999999
1518,1.5339947,0.74925
1519,1.5355387,0.48075
1520,1.538121,0.31833333350000004
1521,1.539377,0.1353333335
1522,1.5405353,0.03925
1523,1.5416894,0.06041666650000001
1524,1.5420829,0.3291666665
1525,1.5439701,0.0
1526,1.547135,0.624166667
1527,1.5486467,1.1968333335
1528,1.5491264,1.65775
1529,1.5500215,1.6700833335
1530,1.5501169,1.44675
1531,1.5504292,1.831
1532,1.5514644,2.6431666665
1533,1.552481,3.6171666670000002
1534,1.5525088,3.9015000000000004
1535,1.55384,3.591
1536,1.5546248,2.5768333335
1537,1.5547037,1.7605833335
1538,1.5561525,0.9999166669999999
1539,1.5562011,0.7982499999999999
1540,1.5568907,0.6514166665000001
1541,1.5578246,0.7475833335
1542,1.5588386,0.744
1543,1.5596479,0.7891666665
1544,1.5596993,0.7811666665
1545,1.5597781,0.612166667
1546,1.5599365,0.35141666650000003
1547,1.5620649,0.1190833335
1548,1.5625288,0.236916667
1549,1.5625917,0.87575
1550,1.5627228,1.7214999999999998
1551,1.5631895,2.3746666665
1552,1.563462,2.9779166665
1553,1.5635042,3.29875
1554,1.5640804,3.82625
1555,1.5644295,4.008833333
1556,1.5661952,4.1695833335
1557,1.5665709,4.2703333335
1558,1.5674345,4.3369166665000005
1559,1.5689785,4.2720833334999995
1560,1.5696936,4.0259166665
1561,1.5702618,3.432416667
1562,1.5703936,2.6175
1563,1.5709977,2.1543333335
1564,1.571557,1.9289999999999998
1565,1.5719095,1.9534166665
1566,1.5721414,1.86075
1567,1.5737801,1.319166667
1568,1.5742083,0.9729166665
1569,1.5744799,0.94075
1570,1.5748473,0.8985833335
1571,1.576763,1.0621666665
1572,1.5774162,1.737
1573,1.5776886,2.6293333335
1574,1.5802855,3.4735833334999997
1575,1.5803033,3.5024166665
1576,1.580752,3.3116666665
1577,1.5808531,3.0851666665
1578,1.5811905,2.81225
1579,1.5825442,2.74725
1580,1.5826852,3.25975
1581,1.5844911,3.956666667
1582,1.5847667,4.31925
1583,1.586071,4.4759166665
1584,1.5879205,4.3553333335
1585,1.5893489,4.083416667
1586,1.5897508,2.8693333335
1587,1.5908386,1.6003333334999998
1588,1.5910043,1.1364166665
1589,1.5919498,1.2038333335
1590,1.5924801,1.0245
1591,1.593818,0.782166667
1592,1.5939171,0.5615
1593,1.5950274,0.41000000000000003
1594,1.59704,0.2641666665
1595,1.5976437,0.1074166665
1596,1.598688,0.09883333300000001
1597,1.599162,0.1751666665
1598,1.5992593,1.1040833335
1599,1.6004392,1.7215833335
1600,1.6007284,1.8415000000000001
1601,1.6012901,1.7806666665000002
1602,1.6015403,1.7180833335
1603,1.6018463,1.6071666665
1604,1.6024096,1.63875
1605,1.6042148,1.74925
1606,1.6042533,1.8680833335
1607,1.6048625,1.9292500000000001
1608,1.6049426,1.9323333329999999
1609,1.605488,1.6481666664999999
1610,1.6073247,1.27975
1611,1.6085275,0.8669166664999999
1612,1.6101626,0.8684166665
1613,1.6102244,0.76325
1614,1.6105177,0.7475
1615,1.6106184,1.0226666665
1616,1.6108909,1.3574166665
1617,1.6142119,1.5437500000000002
1618,1.6179931,1.5619999999999998
1619,1.6186521,1.3980833335
1620,1.6191803,1.644416667
1621,1.6221278,2.612833333
1622,1.622968,3.25275
1623,1.6234788,3.1618333334999997
1624,1.6263762,2.5329166665000002
1625,1.6264709,1.9189166665
1626,1.6269863,1.31175
1627,1.6282449,0.786
1628,1.6284895,0.49475
1629,1.6299312,0.3869166665
1630,1.6301628,0.40216666700000003
1631,1.6301736,0.48824999999999996
1632,1.6310148,0.6284166665
1633,1.6346033,0.4820833335
1634,1.6364572,0.35075
1635,1.6385384,0.3264166665
1636,1.6385813,0.69675
1637,1.6391317,1.0260833335
1638,1.639341,1.19925
1639,1.6404872,1.26675
1640,1.640629,1.274
1641,1.6409962,1.3033333335
1642,1.6412749,1.5221666665
1643,1.642348,2.09775
1644,1.6426708,2.573333333
1645,1.6434712,2.3794166665
1646,1.6438568,2.1070833330000003
1647,1.6443154,1.5284166665
1648,1.6471246,0.924416667
1649,1.6492027,0.5518333335
1650,1.6500514,0.5409166665
1651,1.6501833,0.7236666665
1652,1.6526378,0.8714166665
1653,1.6553806,0.9564166665
1654,1.6572139,0.905916667
1655,1.6572514,0.81475
1656,1.6572706,0.6479166670000001
1657,1.659253,0.45475
1658,1.6611679,0.11374999999999999
1659,1.6616684,0.0749166665
1660,1.6620595,0.025
1661,1.6623478,0.0
1662,1.6631345,0.08325
1663,1.664677,0.231083333
1664,1.6652251,0.40858333350000003
1665,1.6662874,0.504
1666,1.6663117,0.505416667
1667,1.666551,0.4469166665
1668,1.6680824,0.34308333350000003
1669,1.6681845,0.4816666665
1670,1.668392,1.27625
1671,1.6687031,2.064083333
1672,1.6717851,2.3635
1673,1.6724489,2.435
1674,1.6725619,2.368583333
1675,1.6726904,2.1695833330000003
1676,1.6734655,1.9248333335
1677,1.6747841,1.7181666670000002
1678,1.6759365,1.5023333330000002
1679,1.6762693,1.3266666665
1680,1.6771655,1.1565833335
1681,1.6775105,1.0646666665
1682,1.6782986,1.2013333335
1683,1.6785886,0.82425
1684,1.6792051,0.9769166665
1685,1.6793953,1.14225
1686,1.6799415,1.2895833335
1687,1.680444,1.3495833335
1688,1.6808548,1.345916667
1689,1.681281,1.2886666665
1690,1.6824069,1.1873333335
1691,1.6830022,1.052916667
1692,1.6839234,1.025416667
1693,1.6843213,1.8005
1694,1.6846179,2.0904166665000004
1695,1.684913,2.121666667
1696,1.6855524,2.05925
1697,1.6858236,2.0214166665
1698,1.6860086,1.9985
1699,1.6867377,1.7954166665
1700,1.6894315,1.5041666665
1701,1.6905087,1.3125833335000001
1702,1.6907841,1.168333333
1703,1.6908019,1.0598333335
1704,1.691073,0.986166667
1705,1.6914937,1.0535
1706,1.6932569,1.2569166665
1707,1.6956602,1.0783333334999998
1708,1.6959205,1.1993333335
1709,1.6959856,1.4195833334999999
1710,1.6965677,1.509
1711,1.696578,1.4877500000000001
1712,1.696898,1.453833333
1713,1.6992623,1.3951666665
1714,1.700182,1.345
1715,1.7005178,1.734
1716,1.7005992,2.4235833335
1717,1.7006682,2.6711666665
1718,1.7007343,2.2713333335
1719,1.7035184,2.0300833330000003
1720,1.7059138,1.9515
1721,1.7064546,1.8483333329999998
1722,1.7068585,1.753333333
1723,1.7069521,1.851
1724,1.7078773,1.9264166665
1725,1.7084124,1.8544166670000002
1726,1.71085,1.7578333334999998
1727,1.7110878,1.7183333335
1728,1.7115401,1.5665
1729,1.7127227,1.4025833335
1730,1.7150506,1.0401666665
1731,1.7168118,0.549
1732,1.7216505,0.38075
1733,1.7250736,0.27066666650000004
1734,1.7257355,0.19091666650000003
1735,1.725866,0.326833333
1736,1.7268891,0.5520833334999999
1737,1.7269157,0.8308333335
1738,1.7279027,0.9897499999999999
1739,1.7297113,0.951583333
1740,1.7301192,1.6340833335
1741,1.7309318,2.30375
1742,1.7321901,2.359166667
1743,1.734027,2.2439166665
1744,1.7340738,1.9871666665
1745,1.7345303,1.58075
1746,1.7350641,1.125916667
1747,1.7352328,0.8815
1748,1.7363768,0.716166667
1749,1.737238,0.608333333
1750,1.7373878,0.526166667
1751,1.7380992,0.4795
1752,1.738239,0.47350000000000003
1753,1.7390372,0.48566666700000005
1754,1.7392147,0.42691666650000004
1755,1.7394185,0.4006666665
1756,1.7398149,0.5546666665
1757,1.739898,0.7936666665000001
1758,1.7408441,0.9584999999999999
1759,1.7414299,0.939916667
1760,1.7416843,0.8328333335
1761,1.7422082,0.83225
1762,1.742213,0.8520833335
1763,1.7446462,0.7585
1764,1.7449303,0.653333333
1765,1.7466526,0.8590833335
1766,1.7472821,0.4685
1767,1.7491231,0.5680833335
1768,1.7491596,1.1243333335
1769,1.7501543,1.4318333330000002
1770,1.7501726,1.4726666665
1771,1.7518141,1.19375
1772,1.7518276,0.699916667
1773,1.7518823,0.436
1774,1.7534437,0.8995
1775,1.7535008,1.7441666665
1776,1.75356,2.6342499999999998
1777,1.7537528,3.9387499999999998
1778,1.7543957,4.11325
1779,1.7544956,3.8942500000000004
1780,1.7546855,3.5634166665
1781,1.7548004,2.8171666665
1782,1.7554021,2.9896666665
1783,1.7566088,3.606
1784,1.7567612,3.0116666665
1785,1.7567971,3.1486666665
1786,1.7578332,3.5576666670000003
1787,1.7579468,3.98025
1788,1.7585375,3.9254166670000004
1789,1.7588382,3.8370833335
1790,1.7590659,3.64375
1791,1.7595811,3.6568333335
1792,1.7602805,3.784833333
1793,1.7620535,3.8148333335
1794,1.7636315,3.7005
1795,1.7641959,3.7931666665000003
1796,1.76443,3.7976666665
1797,1.7648942,3.7261666665
1798,1.7662531,3.7506666665
1799,1.7666728,3.83175
1800,1.7669638,3.823583333
1801,1.7670088,3.3931666665
1802,1.7671413,2.8284166665
1803,1.7671691,2.161666667
1804,1.7675302,1.6396666665
1805,1.7679821,1.5173333334999999
1806,1.7685649,1.61125
1807,1.7688128,1.632583333
1808,1.7688135,1.6524999999999999
1809,1.7689615,1.585583333
1810,1.7692872,1.5086666665
1811,1.7695233,1.587166667
1812,1.769658,1.96275
1813,1.7696855,2.3829166665
1814,1.7736483,2.7400833335000003
1815,1.7755035,2.518
1816,1.7776871,2.36625
1817,1.7795244,2.4723333335
1818,1.7796519,2.3665000000000003
1819,1.7800899,2.3390833335
1820,1.7803106,2.2097499999999997
1821,1.7810352,2.029
1822,1.7823375,2.0256666665000003
1823,1.783219,2.2475
1824,1.7870777,2.2820833335
1825,1.7878827,2.2718333335
1826,1.7882855,2.0695833335
1827,1.7891737,1.6138333335000001
1828,1.7896173,1.43225
1829,1.7899585,1.45975
1830,1.791585,1.4869166665
1831,1.792311,1.5966666665
1832,1.7939854,1.5891666670000002
1833,1.7953545,1.67475
1834,1.7957473,2.03625
1835,1.7960868,2.518583333
1836,1.7976032,3.238416667
1837,1.798424,4.101
1838,1.798502,4.572666667
1839,1.7985752,4.8316666665
1840,1.799809,5.05275
1841,1.8005872,5.24725
1842,1.8018934,5.455
1843,1.8027345,5.6406666665
1844,1.8035572,5.6948333335
1845,1.8050145,5.664083333500001
1846,1.805058,5.4666666665
1847,1.8055234,5.3055833334999996
1848,1.8056302,4.9548333335
1849,1.8066082,4.2089166670000004
1850,1.8076284,3.0908333335
1851,1.8083577,2.37425
1852,1.8083916,2.0613333335
1853,1.8090025,1.706916667
1854,1.8094543,1.5721666665000003
1855,1.8101225,1.54925
1856,1.8113968,1.9346666665
1857,1.8124586,1.95325
1858,1.8141856,1.962416667
1859,1.8145169,2.0848333335
1860,1.8177685,2.3112500000000002
1861,1.8182251,3.508833333
1862,1.8184075,4.056
1863,1.8184294,4.2636666665
1864,1.8210385,4.4640833335
1865,1.8220721,4.6456666665
1866,1.8253407,4.8563333335
1867,1.8256161,5.0248333335
1868,1.8256427,5.1825833335
1869,1.8265308,5.277083333
1870,1.8270568,5.3213333335
1871,1.8270957,5.4124166670000005
1872,1.828511,5.5043333335
1873,1.829928,5.381333333500001
1874,1.8301393,5.3413333335
1875,1.830695,5.462083333500001
1876,1.8307337,5.5948333335000004
1877,1.8307878,5.714833333
1878,1.8319098,5.9076666665
1879,1.8322614,6.005333332999999
1880,1.8328314,6.0059166665
1881,1.8345146,5.8673333334999995
1882,1.8351514,5.7624166665
1883,1.8357142,5.88275
1884,1.8357484,5.922333333499999
1885,1.8373768,6.017083333
1886,1.8377684,6.041583333
1887,1.8388486,6.0696666665
1888,1.8400006,6.0912500000000005
1889,1.8402293,6.2505833335
1890,1.841038,6.308916667
1891,1.8425554,6.2181666665
1892,1.8431417,6.35325
1893,1.8461082,6.486166667
1894,1.8461692,6.537333332999999
1895,1.8464448,6.4815000000000005
1896,1.8464749,6.324916667
1897,1.8473397,5.748166667
1898,1.8474646,5.41325
1899,1.8476254,5.2075833335
1900,1.8476408,5.01975
1901,1.8486768,4.9138333329999995
1902,1.8492138,4.953416667
1903,1.8494619,5.0243333329999995
1904,1.8500996,5.073333333
1905,1.850556,5.174166667
1906,1.8517088,5.442
1907,1.8546251,5.665916666999999
1908,1.8547804,5.9295
1909,1.8552089,6.1696666664999995
1910,1.8554922,6.51375
1911,1.8558235,6.963666667
1912,1.85727,7.1490833335
1913,1.8590491,7.5745000000000005
1914,1.8592534,7.600333333
1915,1.8603482,8.0874166665
1916,1.8607897,8.179666666500001
1917,1.8621163,8.50675
1918,1.8623024,8.0999166665
1919,1.863212,7.4091666665
1920,1.8633182,6.912
1921,1.8636754,6.5409166665
1922,1.8644981,6.20075
1923,1.8649068,5.76225
1924,1.865018,5.47425
1925,1.866196,5.2676666665
1926,1.8671745,5.1630833334999995
1927,1.8682632,4.73325
1928,1.8692842,4.32525
1929,1.8702953,3.6171666665
1930,1.8737535,2.9370000000000003
1931,1.8780682,2.3986666669999996
1932,1.8791225,3.32125
1933,1.8817908,4.1256666665
1934,1.8819547,4.4843333335
1935,1.8825604,4.7219999999999995
1936,1.8830429,4.7543333335
1937,1.8831481,4.8531666665
1938,1.8833214,4.958083333499999
1939,1.8859547,5.0743333335
1940,1.8863806,5.0765
1941,1.8891159,4.9851666665
1942,1.8902037,4.88025
1943,1.891914,4.72675
1944,1.8940772,4.3395833335
1945,1.8941737,3.561
1946,1.8941765,2.411416667
1947,1.8978145,1.6539166669999998
1948,1.8981278,1.013
1949,1.8981442,1.02325
1950,1.8983935,1.08625
1951,1.8987631,1.113
1952,1.9010615,1.1423333334999999
1953,1.902917,1.1988333335
1954,1.9039998,1.1730833335
1955,1.9080163,1.125083333
1956,1.9082001,2.0404166664999996
1957,1.9084337,2.57075
1958,1.9094704,2.9990833335
1959,1.9096203,3.6428333335
1960,1.911176,4.264583333
1961,1.9116772,4.4765
1962,1.9125313,4.54425
1963,1.9141876,4.5919166664999995
1964,1.9146324,4.4931666665000005
1965,1.9148068,4.34675
1966,1.915971,4.2435833335
1967,1.9161632,4.10875
1968,1.9185737,3.5862499999999997
1969,1.918857,2.831666667
1970,1.9196792,2.1473333334999998
1971,1.9197733,1.3600833335
1972,1.9225212,1.017083333
1973,1.9227983,1.0415833335
1974,1.9260536,1.106916667
1975,1.9273529,1.2014166670000002
1976,1.9285285,1.241583333
1977,1.9313298,1.2668333335000002
1978,1.9324528,1.3288333335
1979,1.9355016,1.8163333335
1980,1.9383649,2.635166667
1981,1.9384894,3.46575
1982,1.9392449,4.203083333
1983,1.9404291,4.629083333500001
1984,1.9410225,4.85925
1985,1.9413975,5.06425
1986,1.9421586,5.1605
1987,1.9431888,5.087999999999999
1988,1.9437219,4.9163333335
1989,1.9440658,4.806583333000001
1990,1.9496295,4.7405833335
1991,1.9511964,4.6671666665
1992,1.9517026,4.620583333
1993,1.9544001,4.5339166665
1994,1.9554262,4.094250000000001
1995,1.9555277,2.72875
1996,1.957824,1.591666667
1997,1.9597733,1.4394166665
1998,1.9605039,1.3787500000000001
1999,1.9616381,1.2981666665
2000,1.9619284,1.6385
2001,1.9628733,1.5687499999999999
2002,1.9660361,1.521833333
2003,1.9712971,1.5160833335000001
2004,1.9724059,1.7811666664999999
2005,1.9727865,1.562
2006,1.9749731,1.077
2007,1.9770674,0.60975
2008,1.9771036,0.555333333
2009,1.9796588,0.571666667
2010,1.9798013,0.4635833335
2011,1.9798214,0.6406666665
2012,1.9800706,1.0028333335
2013,1.9805584,1.35325
2014,1.9815167,1.8529166665
2015,1.9828181,2.2856666665
2016,1.9835747,2.5814166665
2017,1.9857088,2.7175833330000003
2018,1.9889562,2.5800833335
2019,1.9896419,2.58475
2020,1.9900151,2.7504166665
2021,1.9901725,2.619916667
2022,1.9903349,2.8851666665
2023,1.9919895,2.9504166665
2024,1.9922159,2.6529166665000004
2025,1.993712,2.7212500000000004
2026,1.9952778,3.2393333335000003
2027,1.9963034,3.629083333
2028,1.9965588,4.0274166665
2029,1.9965836,4.21
2030,1.9967171,4.187083333
2031,1.9974906,4.13375
2032,1.9975814,4.0634166665
2033,1.997964,4.0629166665
2034,1.9986113,4.02225
2035,1.9989761,4.0070833335
2036,2.0015526,4.122916667
2037,2.0015862,4.2244166665
2038,2.0032723,4.333083332999999
2039,2.003316,4.3358333335
2040,2.004709,4.2195833335
2041,2.0062623,4.0469166665
2042,2.0091505,3.2505833335
2043,2.009871,2.1291666665
2044,2.0114322,1.4504166665000002
2045,2.0127606,1.4333333334999998
2046,2.0136921,1.443
2047,2.0158548,1.4520833335
2048,2.016231,1.4971666665
2049,2.016675,1.75075
2050,2.0167909,2.36725
2051,2.0175571,3.1959166665
2052,2.0188992,3.9241666669999997
2053,2.0193024,4.2078333335
2054,2.0200477,4.589416667
2055,2.021008,4.763833333499999
2056,2.0212865,4.9584166665
2057,2.0215065,5.2146666669999995
2058,2.0215085,5.435583333
2059,2.0219285,5.605083333
2060,2.0227628,5.708666667
2061,2.0230908,5.9559999999999995
2062,2.0233827,6.0436666665
2063,2.0241687,6.1895
2064,2.0245748,6.0287500000000005
2065,2.0254986,5.910083333
2066,2.0270834,5.6116666665
2067,2.0277202,5.3275
2068,2.0277622,5.270833333500001
2069,2.030027,5.365083333499999
2070,2.0302446,5.62725
2071,2.0308464,5.7505
2072,2.0331213,5.9865
2073,2.033254,5.7428333335
2074,2.0336537,5.620666667
2075,2.0341399,5.425166667
2076,2.0345979,5.285
2077,2.0352812,5.208
2078,2.035661,4.966833333
2079,2.0357053,4.812916667
2080,2.0360196,4.7470833335
2081,2.0364256,4.6552500000000006
2082,2.0390942,4.56825
2083,2.0398822,4.4439166665
2084,2.0399685,4.107
2085,2.0429049,3.9909166664999995
2086,2.0449357,4.1884166665
2087,2.0451066,4.5193333335000005
2088,2.0451744,4.681166666499999
2089,2.0453262,4.321
2090,2.0456932,3.4498333335
2091,2.0473034,2.3759166665
2092,2.0484605,2.1616666665
2093,2.0487936,2.3195833335
2094,2.0514803,3.0150833329999998
2095,2.051577,3.24475
2096,2.0521133,3.0324999999999998
2097,2.053587,2.7108333335
2098,2.0544438,2.5168333335
2099,2.0544631,2.4820833330000003
2100,2.0546074,3.0814166665
2101,2.055524,4.5325833335
2102,2.0560737,4.7357499999999995
2103,2.0562603,4.94575
2104,2.056263,5.111083333
2105,2.056361,5.144166667
2106,2.0570884,5.1635833335
2107,2.0572078,5.351416667
2108,2.0575223,5.606833333
2109,2.058318,5.8613333335
2110,2.0586114,6.1925833335
2111,2.0599537,6.3796666665
2112,2.0603287,6.356
2113,2.0636578,6.231833333
2114,2.063733,5.8275833335
2115,2.064091,5.634166667000001
2116,2.0664237,5.357583333
2117,2.0667043,5.1350833335
2118,2.0670533,4.830500000000001
2119,2.0678852,4.4324166665
2120,2.068388,3.5465
2121,2.0695627,2.6012500000000003
2122,2.0719852,2.2681666665
2123,2.0737062,2.038083333
2124,2.074787,2.5575
2125,2.0760753,3.2735000000000003
2126,2.0774176,3.4084166665
2127,2.077429,3.56725
2128,2.0780606,3.8260833329999997
2129,2.0784416,3.9983333334999998
2130,2.079063,4.0365
2131,2.0799344,3.9281666665
2132,2.0808432,3.6061666665
2133,2.0848553,3.1960833335
2134,2.0853155,2.4609166665
2135,2.0853243,2.0329166670000003
2136,2.088023,1.6171666665
2137,2.0905201,1.4674999999999998
2138,2.0922065,1.3752499999999999
2139,2.0924647,1.0786666665
2140,2.092752,0.8745833335
2141,2.0934165,0.9317500000000001
2142,2.0945911,0.9885
2143,2.095028,1.0864166665
2144,2.0975287,1.1624999999999999
2145,2.0981145,1.2399166665
2146,2.0981462,1.3186666665
2147,2.0991669,1.8512499999999998
2148,2.0998833,2.5803333335
2149,2.0999167,3.7141666664999997
2150,2.100123,4.1058333335
2151,2.1006358,4.0000833335
2152,2.1011133,3.7310833335
2153,2.1025913,3.5746666664999998
2154,2.1031113,3.5999166665
2155,2.1036878,3.7759166669999997
2156,2.1038063,3.9573333335000003
2157,2.1039565,4.065166667
2158,2.1055195,4.125249999999999
2159,2.1084273,4.153083333
2160,2.1090045,4.1483333335
2161,2.1101735,3.85925
2162,2.1109552,3.04825
2163,2.1126065,2.090583333
2164,2.1132114,1.5788333335
2165,2.1136413,1.5635833335
2166,2.1143641,1.6309166665000001
2167,2.114867,1.6385
2168,2.1154053,1.5335
2169,2.1156945,1.374666667
2170,2.1158903,1.2539166665
2171,2.1172397,1.2619166665
2172,2.1186721,1.2136666665
2173,2.1196072,1.1074166664999998
2174,2.1208177,0.718083333
2175,2.1217444,0.6487499999999999
2176,2.1256337,1.2206666670000001
2177,2.1269233,1.67975
2178,2.1284084,1.9071666665
2179,2.1289704,1.9689166665000002
2180,2.1290367,1.8653333335
2181,2.13019,1.75175
2182,2.1307867,1.6527500000000002
2183,2.132138,1.4028333334999998
2184,2.1344607,1.11925
2185,2.1366704,0.581583333
2186,2.1375833,0.0564166665
2187,2.1388822,0.1833333335
2188,2.139675,0.405
2189,2.1416519,0.5880833335
2190,2.1419098,0.713916667
2191,2.142367,0.8304166669999999
2192,2.1424606,0.928833333
2193,2.1428287,0.964416667
2194,2.1435072,0.9141666664999999
2195,2.146363,0.78525
2196,2.1487868,0.8380833329999999
2197,2.1500573,0.8202499999999999
2198,2.1504083,0.6125833334999999
2199,2.1532266,0.6705
2200,2.153332,0.8353333334999999
2201,2.1545637,0.9773333335
2202,2.1553605,0.9206666665000001
2203,2.156259,0.72125
2204,2.157444,0.637416667
2205,2.1575532,0.620083333
2206,2.1579578,0.5643333335
2207,2.1583622,0.5098333335
2208,2.1606874,0.44525000000000003
2209,2.160767,0.3595833335
2210,2.161744,0.2641666665
2211,2.161982,0.056666666500000004
2212,2.1625204,0.2131666665
2213,2.1636102,0.44375
2214,2.163909,0.5603333335
2215,2.1650836,0.6418333329999999
2216,2.1661837,0.6885
2217,2.1697626,0.75425
2218,2.1708353,0.8424166664999999
2219,2.1709735,0.740916667
2220,2.171448,0.8990833334999999
2221,2.1725564,1.7996666665
2222,2.1740336,2.5244166665
2223,2.1748009,2.9313333335
2224,2.1770148,2.9535
2225,2.1809578,2.8488333335
2226,2.1834803,2.68425
2227,2.1867392,2.736916667
2228,2.1888576,2.823583333
2229,2.1913054,2.923
2230,2.192115,3.05725
2231,2.1943717,3.162666667
2232,2.1951113,3.03425
2233,2.1967142,2.4874166669999997
2234,2.1968062,1.9014166665
2235,2.1969993,1.164583333
2236,2.1974115,1.25925
2237,2.1980846,1.3933333334999998
2238,2.2002227,1.4355833335
2239,2.2018392,1.4256666665000002
2240,2.2046196,1.3642500000000002
2241,2.2047758,1.256
2242,2.2062752,1.1567500000000002
2243,2.2072256,1.0105
2244,2.207394,0.9314166665
2245,2.2078812,1.68225
2246,2.2081695,2.612833333
2247,2.2086825,3.4505
2248,2.2097747,3.618083333
2249,2.2105725,3.37775
2250,2.2106626,2.9297500000000003
2251,2.2137017,2.2475
2252,2.2145643,1.84875
2253,2.2191317,1.7556666665
2254,2.2196095,2.007916667
2255,2.221333,2.3812499999999996
2256,2.2215645,2.939666667
2257,2.2216158,2.6773333335
2258,2.2218554,2.081
2259,2.2243612,1.321583333
2260,2.224703,1.11875
2261,2.22523,0.9996666670000001
2262,2.2253265,0.8156666665
2263,2.2261376,0.6855833335
2264,2.2271333,0.6104166665
2265,2.2280207,0.6075833335
2266,2.228687,0.6595833335
2267,2.2288973,0.657333333
2268,2.230051,0.5784166665
2269,2.2304242,1.0926666665
2270,2.2314296,1.8631666665000002
2271,2.2321653,2.3703333329999996
2272,2.2330406,2.911
2273,2.2339046,3.2645
2274,2.2366636,3.5214166665000004
2275,2.2382715,3.6702500000000002
2276,2.2393594,3.7559166665
2277,2.239412,3.7990833335
2278,2.2474012,3.772083333
2279,2.2485368,3.5707500000000003
2280,2.2487352,3.3785
2281,2.2491932,3.0397499999999997
2282,2.2508435,2.1478333335
2283,2.2532682,1.355833333
2284,2.2549808,1.5004166665
2285,2.255331,1.59525
2286,2.2556572,1.5140833335
2287,2.2594829,1.345166667
2288,2.2599137,1.31175
2289,2.2619028,1.40825
2290,2.2619035,1.417833333
2291,2.2622697,1.2625000000000002
2292,2.2630029,1.077583333
2293,2.2693415,1.75325
2294,2.2724495,2.457833333
2295,2.274004,3.9866666664999997
2296,2.2745705,4.4711666665
2297,2.2747636,4.614583333
2298,2.275542,4.622999999999999
2299,2.2769887,4.614166667
2300,2.278635,4.6165
2301,2.278646,4.533
2302,2.2786758,4.213833333
2303,2.2803092,4.169416667
2304,2.2834523,4.0041666665
2305,2.2837718,3.219
2306,2.2853227,2.1913333335000003
2307,2.2862406,1.7751666665
2308,2.2866023,1.7081666665
2309,2.287933,1.6463333329999998
2310,2.2896729,1.5815833334999998
2311,2.2897086,1.5470833335
2312,2.2927375,1.5662500000000001
2313,2.293859,1.4885833335
2314,2.294966,1.3215
2315,2.2960277,1.099
2316,2.2970688,1.053083333
2317,2.2979324,1.4234166665
2318,2.3001049,1.59375
2319,2.303168,2.560416667
2320,2.3040962,4.002166667
2321,2.3072574,4.2755833335
2322,2.308801,4.2138333335
2323,2.3100476,4.067
2324,2.3109317,4.02775
2325,2.31238,3.9911666665
2326,2.3139844,3.6144166665
2327,2.3148751,3.1964166665000002
2328,2.3188472,2.8651666665
2329,2.3209174,2.4225833335
2330,2.3215797,1.7574999999999998
2331,2.3226573,1.0579166665
2332,2.3228025,0.865666667
2333,2.3240268,0.600333333
2334,2.3243139,0.372916667
2335,2.32449,0.31475
2336,2.3255382,0.3054166665
2337,2.3268929,0.23225
2338,2.3280625,0.186333333
2339,2.3317018,0.1885833335
2340,2.3331437,0.21325
2341,2.3353138,0.380833333
2342,2.3365614,0.771666667
2343,2.337137,1.492333333
2344,2.337378,1.7418333335
2345,2.33758,1.7465000000000002
2346,2.3393862,1.6255
2347,2.339664,1.3014999999999999
2348,2.3403897,0.9756666665
2349,2.3408074,0.649416667
2350,2.3414898,0.9443333330000001
2351,2.3432174,1.4223333335000001
2352,2.3434992,1.8117500000000002
2353,2.3468356,1.8695
2354,2.3477845,1.4898333335
2355,2.3501062,1.1798333335
2356,2.351204,1.1503333334999999
2357,2.3516285,1.1578333330000001
2358,2.3539083,1.1706666669999999
2359,2.3545942,1.198083333
2360,2.3553274,1.22875
2361,2.3555095,1.21425
2362,2.3560824,1.2279166665
2363,2.3576062,1.2335
2364,2.3581936,1.3284166665
2365,2.3613684,1.784583333
2366,2.3620186,2.137
2367,2.3635411,2.364083333
2368,2.365027,2.327666667
2369,2.365815,2.2404166665
2370,2.3713427,2.2978333335
2371,2.37398,2.3006666669999998
2372,2.375735,2.2155
2373,2.3765047,2.3343333335
2374,2.3786607,2.9784166670000003
2375,2.3796902,3.7800833335
2376,2.3797116,4.072916666499999
2377,2.379741,3.609
2378,2.3819144,2.6360833335000002
2379,2.3847675,1.9714166665
2380,2.3865411,1.7275
2381,2.3883786,1.6720833335
2382,2.389343,1.9091666665
2383,2.3895676,2.886333333
2384,2.3909123,3.7675833335
2385,2.3914335,4.0736666665
2386,2.39158,3.9434166665
2387,2.3920476,3.879416667
2388,2.3925254,4.1590833335
2389,2.3941932,4.3225
2390,2.3953454,4.47525
2391,2.3984382,4.59825
2392,2.3988602,4.671250000000001
2393,2.399653,4.7315000000000005
2394,2.4001544,4.8759999999999994
2395,2.4051046,5.09425
2396,2.405735,5.2565833335
2397,2.40622,5.39475
2398,2.4077013,5.4205
2399,2.4081872,5.259
2400,2.4085312,5.1364166665
2401,2.409125,5.119833333
2402,2.4097085,4.8223333335
2403,2.4141362,4.3805
2404,2.414332,3.765916667
2405,2.4148152,3.784
2406,2.4165008,3.8991666665
2407,2.4188657,3.641166667
2408,2.419,3.2744999999999997
2409,2.4196012,2.838666667
2410,2.4200673,2.26925
2411,2.4202728,1.8210833334999998
2412,2.4236636,1.9091666665
2413,2.4239056,2.4405
2414,2.4244182,2.7672499999999998
2415,2.4324734,3.0062499999999996
2416,2.4331927,3.2450833335000002
2417,2.433378,3.39425
2418,2.4341073,3.655416667
2419,2.4368467,3.91575
2420,2.4379303,4.133583333
2421,2.4382877,4.292666666500001
2422,2.4389322,4.4205000000000005
2423,2.4392834,4.544166667
2424,2.440048,4.3469999999999995
2425,2.4403186,3.527333333
2426,2.442602,2.2883333335
2427,2.4428675,1.8780000000000001
2428,2.4438426,1.88425
2429,2.4440424,2.077083333
2430,2.4448197,2.1285
2431,2.4456658,2.1264166665
2432,2.4456904,2.0564166664999997
2433,2.4487991,1.9695
2434,2.4496875,1.8449166665
2435,2.4533782,1.8359166665000002
2436,2.45444,2.2155
2437,2.4552326,3.490416667
2438,2.455881,4.4931666665
2439,2.4568045,4.8278333335
2440,2.459803,5.0716666665000005
2441,2.4601455,5.1099166665
2442,2.462172,5.0221666670000005
2443,2.4682922,4.8924166665
2444,2.4728892,4.7611666665
2445,2.4814084,4.696833333500001
2446,2.4835718,4.420416667
2447,2.484723,3.95425
2448,2.4864597,2.98975
2449,2.4903455,2.3003333329999998
2450,2.492894,1.775083333
2451,2.4933918,1.1904166665
2452,2.4970899,1.089916667
2453,2.499118,1.2054999999999998
2454,2.5024233,1.13525
2455,2.5039113,1.1090833335
2456,2.5042346,1.1606666665
2457,2.5053008,1.2989166664999998
2458,2.5054026,1.48
2459,2.5076969,1.723333333
2460,2.5109568,1.982166667
2461,2.5179954,3.103666667
2462,2.5189748,3.959
2463,2.5209322,4.248
2464,2.5228667,4.41625
2465,2.5257237,4.5885
2466,2.5277,4.603166667
2467,2.5282757,4.401
2468,2.5334399,4.1838333335
2469,2.5345418,3.918
2470,2.5367866,3.5346666669999998
2471,2.537133,3.2331666665
2472,2.5376072,2.6230833335
2473,2.538182,2.2487500000000002
2474,2.5389726,1.8798333335
2475,2.5413537,1.3970000000000002
2476,2.5455287,1.0171666665
2477,2.5475926,0.7395833329999999
2478,2.5478752,0.5581666665
2479,2.549816,0.6334166665000001
2480,2.5514805,0.7156666665
2481,2.5532725,0.9655833329999999
2482,2.5540335,1.269416667
2483,2.5567265,1.9435833329999999
2484,2.5586793,2.7530833335000002
2485,2.5595758,3.561083333
2486,2.5611253,4.117583333000001
2487,2.5628521,4.2224166665
2488,2.5631495,4.4626666665000005
2489,2.5661345,4.594
2490,2.5671399,4.5459166665
2491,2.5683532,4.487416667
2492,2.5707903,4.593666666500001
2493,2.575637,4.6829166665
2494,2.5765412,4.761583333
2495,2.5794032,4.8412500000000005
2496,2.5911403,4.84225
2497,2.5913346,4.7285833329999996
2498,2.5920367,4.331666667
2499,2.598906,3.347083333
2500,2.6001444,2.509333333
2501,2.6003053,2.5274166664999997
2502,2.6006896,2.28675
2503,2.6012583,1.9733333334999998
2504,2.6043077,1.606666667
2505,2.6048486,1.40725
2506,2.606368,1.4191666665
2507,2.61169,1.40875
2508,2.6202655,1.8376666665
2509,2.62319,2.197
2510,2.62544,2.201666667
2511,2.6257,2.002416667
2512,2.6315367,1.8464166665
2513,2.6331675,1.9220000000000002
2514,2.6373096,2.2625833335
2515,2.6410635,2.707916667
2516,2.6494718,3.2641666665
2517,2.6575222,3.686083333
2518,2.6604922,3.7461666664999997
2519,2.6616218,3.5002500000000003
2520,2.662305,3.2293333334999996
2521,2.665423,2.7458333335000003
2522,2.6779995,2.1228333335
2523,2.678684,1.1705833335
2524,2.6801963,0.6194999999999999
2525,2.6946745,0.5338333335
2526,2.6963685,0.59675
2527,2.70026,0.6574166665
2528,2.7055244,0.864666667
2529,2.706587,1.037833333
2530,2.7067065,1.09975
2531,2.7113845,1.15175
2532,2.7145514,1.2826666665
2533,2.7180598,2.3139166665
2534,2.719584,3.5321666664999998
2535,2.7242315,4.177083333000001
2536,2.7253704,4.651166667
2537,2.7261174,4.9266666665
2538,2.7292414,5.1021666670000005
2539,2.730885,5.21825
2540,2.7317474,5.3304166665
2541,2.7338264,5.302833333500001
2542,2.7350378,5.241916667
2543,2.735386,5.17
2544,2.7399352,4.9505833335
2545,2.744005,4.2158333335
2546,2.7457466,2.8998333335
2547,2.7463875,2.4806666665000003
2548,2.7476559,2.4609166665
2549,2.7504187,3.529916667
2550,2.7520466,4.3255833335
2551,2.75381,4.867166666999999
2552,2.7566223,5.011
2553,2.7582884,5.14125
2554,2.7583096,5.1918333335
2555,2.7693164,5.052333333
2556,2.7745512,5.019083333
2557,2.7759047,4.92775
2558,2.776392,4.8143333335000005
2559,2.7792168,4.7693333335000005
2560,2.7798836,4.7710833335
2561,2.7828438,4.937250000000001
2562,2.787848,4.891416667
2563,2.7881682,4.790166667
2564,2.7885852,4.6693333335
2565,2.7896857,4.4013333335
2566,2.7981455,4.1979166665
2567,2.8004224,4.0359166665
2568,2.8016462,3.8633333335
2569,2.8075058,3.305916667
2570,2.8152046,2.6455
2571,2.8167002,2.178083333
2572,2.8177254,2.0334166665
2573,2.8180542,1.8911666665
2574,2.8261132,1.636083333
2575,2.8341174,1.259
2576,2.8355675,1.08525
2577,2.8361318,1.0804166670000002
2578,2.8363497,0.98075
2579,2.8369184,0.9795833334999999
2580,2.8377657,1.1070833334999999
2581,2.8419766,1.6529999999999998
2582,2.8474627,2.140833333
2583,2.8482673,2.533333333
2584,2.848458,3.0725
2585,2.848965,3.6085000000000003
2586,2.8509247,3.963416667
2587,2.862223,4.20425
2588,2.8691037,4.2715833335
2589,2.8757172,4.199083333
2590,2.8867273,3.9364999999999997
2591,2.899248,3.5009166664999998
2592,2.9018726,2.9964166665
2593,2.9036279,2.3645
2594,2.9045908,1.9424166665
2595,2.9063702,1.10375
2596,2.9115841,1.1059166665
2597,2.9121797,1.2200833334999999
2598,2.9129817,1.298416667
2599,2.9150498,1.41925
2600,2.9160295,1.5009166665
2601,2.9201822,1.56425
2602,2.9228487,1.5910833334999999
2603,2.9250934,1.6275
2604,2.9268887,1.9771666665
2605,2.9320207,3.00075
2606,2.9358635,2.8015833335
2607,2.9371223,2.852
2608,2.9458668,2.818416667
2609,2.9459062,3.296166667
2610,2.9459617,3.9348333335
2611,2.947812,4.2212499999999995
2612,2.9530077,4.448916666500001
2613,2.9548647,4.3976666665
2614,2.9571648,4.1841666665
2615,2.9613302,3.6083333335
2616,2.9704673,2.882333333
2617,2.9707296,2.2165833335
2618,2.9722588,1.2168333329999999
2619,2.9743757,1.092
2620,2.9791546,1.1240833334999998
2621,2.9845283,1.029583333
2622,2.9855287,1.0146666665
2623,2.98757,1.0750833334999998
2624,2.9876235,1.1491666665
2625,3.000753,1.3029166665
2626,3.0035503,1.4070833335000001
2627,3.0036385,1.528
2628,3.003944,1.5194999999999999
2629,3.0055377,1.704
2630,3.0091245,3.02475
2631,3.0095212,3.8396666670000004
2632,3.0107355,4.45925
2633,3.0129747,4.8036666665
2634,3.0154397,5.045833333499999
2635,3.0210662,5.1984166665
2636,3.0240443,5.26225
2637,3.0367072,5.29425
2638,3.0480154,5.2685833335000005
2639,3.0501373,5.17775
2640,3.05028,4.9255833335000005
2641,3.0525694,4.588
2642,3.0532115,4.2110833334999995
2643,3.0557358,3.9681666665
2644,3.068747,4.224083333
2645,3.0747151,4.714916667
2646,3.0750291,5.0271666665
2647,3.0779743,5.34325
2648,3.077997,5.5373333335
2649,3.0791826,5.7478333335
2650,3.0834827,6.02725
2651,3.0847924,6.3815
2652,3.0848227,6.816916666999999
2653,3.0852895,7.1170833335
2654,3.0899036,8.002333333500001
2655,3.098174,8.1765
2656,3.1012926,7.8623333335
2657,3.1035652,7.7893333335
2658,3.1049569,7.27325
2659,3.1086254,7.110666667
2660,3.1171014,7.0657499999999995
2661,3.119595,6.99525
2662,3.1397657,6.691750000000001
2663,3.1398523,6.3978333329999995
2664,3.140654,5.903166666500001
2665,3.1410477,5.5388333329999995
2666,3.1411397,5.14025
2667,3.151538,4.867666667
2668,3.1517537,4.8456666665
2669,3.1533558,5.039416666999999
2670,3.155622,5.23
2671,3.1649978,5.3593333335
2672,3.16561,5.614333333499999
2673,3.173297,6.0405
2674,3.1762166,6.6921666665
2675,3.1792576,7.2190833335
2676,3.1839867,8.1969166685
2677,3.186835,8.41375
2678,3.1891172,7.8123333335
2679,3.1941972,7.070166667
2680,3.1947677,6.94425
2681,3.1996741,6.9590833335
2682,3.2034495,6.78
2683,3.2053945,6.765750000000001
2684,3.2092247,6.749166666500001
2685,3.2102044,6.443166667
2686,3.2145636,5.7696666665
2687,3.22315,5.3375
2688,3.2465057,4.891500000000001
2689,3.2539022,4.35175
2690,3.254868,3.6175833335
2691,3.2605717,3.43425
2692,3.2642224,3.6155833335
2693,3.2651224,3.8253333329999997
2694,3.2693863,4.0912500000000005
2695,3.2729614,4.1266666665
2696,3.2730699,3.612
2697,3.2757564,3.1789166665
2698,3.285312,2.5158333335
2699,3.285717,2.28375
2700,3.2874458,2.4546666665
2701,3.2958727,3.868
2702,3.2982862,4.3864166665
2703,3.306687,4.8030833335
2704,3.3109694,5.146833333
2705,3.3112252,5.3279166665
2706,3.319216,5.328416667
2707,3.322991,5.3613333335
2708,3.3247218,5.4155
2709,3.3276045,5.42925
2710,3.3278644,5.398333333
2711,3.330284,5.2406666665
2712,3.3343158,4.6278333335
2713,3.3360472,3.9971666665
2714,3.3362434,2.92575
2715,3.336721,1.8721666670000001
2716,3.3380435,1.2992499999999998
2717,3.341948,0.9625
2718,3.343101,0.5938333335
2719,3.3468573,0.34775
2720,3.3524117,0.2913333335
2721,3.3553202,0.4611666665
2722,3.3555822,0.48200000000000004
2723,3.3622234,0.46691666699999995
2724,3.3696146,0.52
2725,3.3822622,0.808
2726,3.3904936,1.1284166665000002
2727,3.3930285,1.4544166669999998
2728,3.395399,1.7715833335
2729,3.4198143,1.934666667
2730,3.4215908,2.0149999999999997
2731,3.42262,2.2570833329999997
2732,3.4244778,2.45425
2733,3.4246345,2.558833333
2734,3.4286308,2.6178333335
2735,3.4435103,2.5676666665
2736,3.4441218,2.2999166669999997
2737,3.4449356,1.8984166665000002
2738,3.4457479,1.4064999999999999
2739,3.4556005,0.8549166665000001
2740,3.4616575,0.7106666665
2741,3.4755745,0.8831666665
2742,3.4807,1.356166667
2743,3.4859705,1.7189166665
2744,3.4881542,1.916083333
2745,3.4881675,2.12725
2746,3.4916475,1.8635833334999998
2747,3.5189083,1.2185833335
2748,3.52517,1.4757500000000001
2749,3.5350735,2.0011666669999997
2750,3.5356278,2.243083333
2751,3.5373785,2.9578333335
2752,3.541096,4.2194166665
2753,3.542965,4.760999999999999
2754,3.5440998,5.2285833329999996
2755,3.5610316,5.51025
2756,3.562088,5.7705
2757,3.5633068,6.0004166665
2758,3.5673087,5.792916667
2759,3.5702102,6.69175
2760,3.57598,6.834083333500001
2761,3.5821095,5.64925
2762,3.5859947,5.354166666499999
2763,3.5864034,5.8335
2764,3.5930455,6.2300833335
2765,3.5952027,6.4133333335
2766,3.5967252,6.5188333335
2767,3.596939,6.504833333500001
2768,3.5986428,6.268750000000001
2769,3.603847,6.014583333
2770,3.6090047,5.8892500000000005
2771,3.6100926,5.4890833335
2772,3.6122196,5.5184166665
2773,3.6341171,5.6941666665
2774,3.6393478,5.6571666665
2775,3.6418917,5.432166667000001
2776,3.6553082,5.220083333
2777,3.6589165,4.879583333499999
2778,3.6801767,4.3538333335
2779,3.6975608,4.0495
2780,3.704228,3.8645
2781,3.7161279,3.5995
2782,3.7208188,3.2289166665
2783,3.7256396,2.8181666665
2784,3.7375178,2.3751666665
2785,3.7435725,2.007916667
2786,3.7563996,1.6855833329999999
2787,3.7600625,1.747083333
2788,3.7601068,1.8781666670000001
2789,3.7602112,1.8642500000000002
2790,3.763862,1.7943333335
2791,3.7666795,1.7235833335
2792,3.773746,1.6546666669999999
2793,3.7746427,1.405583333
2794,3.7793798,1.4359166665
2795,3.7812867,1.4605
2796,3.7913594,1.4057499999999998
2797,3.792042,2.083666667
2798,3.797647,3.22525
2799,3.8100119,3.486416667
2800,3.812603,3.737666667
2801,3.8146706,3.871916667
2802,3.821438,3.7995
2803,3.8233643,3.381083333
2804,3.8305697,2.9357499999999996
2805,3.833234,2.4396666665
2806,3.8383942,2.187083333
2807,3.8473864,1.9880833334999999
2808,3.8521209,1.863
2809,3.8534694,1.585083333
2810,3.8554645,1.272583333
2811,3.856103,1.1626666664999998
2812,3.8644433,1.168166667
2813,3.8661695,1.1546666669999999
2814,3.8663597,1.2217500000000001
2815,3.8708427,1.3522500000000002
2816,3.8738244,1.4181666665
2817,3.8771553,1.9132500000000001
2818,3.877183,1.7345833335
2819,3.8777041,1.7497500000000001
2820,3.8831308,1.86375
2821,3.8946679,2.1174999999999997
2822,3.8966227,2.281916667
2823,3.9204426,2.3019166665
2824,3.9315648,2.1615833335
2825,3.9384441,1.9880833335
2826,3.950853,1.98625
2827,3.9549797,2.0828333335
2828,3.9559257,2.1477500000000003
2829,3.9570374,2.3239166665
2830,3.9727886,2.4709166665
2831,3.9790115,2.422083333
2832,3.9807105,2.204166667
2833,3.981684,1.860833333
2834,3.984324,1.0990833335
2835,3.989556,0.9568333330000001
2836,3.9918933,0.970666667
2837,3.9966009,0.8213333334999999
2838,3.9983597,0.5678333335
2839,3.998534,0.3879166665
2840,4.0060544,0.296333333
2841,4.0069566,0.34224999999999994
2842,4.027529,0.42374999999999996
2843,4.0341563,0.5355000000000001
2844,4.0375233,0.67425
2845,4.038573,0.6424166665
2846,4.0421576,1.2989166665
2847,4.0448875,1.5707499999999999
2848,4.0526056,1.9570833335
2849,4.0540333,2.3158333335
2850,4.0558896,2.640416667
2851,4.0647364,2.8827499999999997
2852,4.0666585,2.95825
2853,4.06666,2.9536666665
2854,4.0672655,2.7662500000000003
2855,4.068049,2.480416667
2856,4.074969,2.17775
2857,4.075333,1.7029166665000002
2858,4.076986,1.0839166665
2859,4.0880027,1.179666667
2860,4.0881524,1.4054166664999999
2861,4.0944495,1.5365833334999999
2862,4.101594,1.6134166665
2863,4.102083,1.5910000000000002
2864,4.1075573,1.5608333335000002
2865,4.1104283,1.5510833335
2866,4.1160035,1.5175833330000001
2867,4.1191025,1.5391666665
2868,4.126716,1.4265833335
2869,4.1401505,2.2009166665000004
2870,4.1434774,4.09725
2871,4.143701,4.5981666665
2872,4.144319,4.8880833335
2873,4.1463366,5.253
2874,4.1464553,5.5338333335000005
2875,4.1550994,5.7475833335
2876,4.1630073,6.0235
2877,4.163345,6.198666667
2878,4.173912,6.2678333335000005
2879,4.189188,6.17825
2880,4.195331,5.916333333000001
2881,4.1962576,6.036083333
2882,4.2056003,6.702666667
2883,4.210621,7.457583333
2884,4.213735,8.8170833335
2885,4.215094,9.6599999985
2886,4.2232313,10.634416665
2887,4.22714,11.087499999999999
2888,4.237147,11.12833333
2889,4.260267,11.690000000000001
2890,4.2669015,11.874166665
2891,4.2676783,12.399166665
2892,4.271851,12.401666665
2893,4.2722774,11.965
2894,4.2917304,11.2025
2895,4.308442,10.505833335
2896,4.3214784,9.4616666685
2897,4.3359985,8.9151666665
2898,4.339619,8.943833333
2899,4.365725,9.08275
2900,4.367942,8.51225
2901,4.3692737,7.2278333335
2902,4.387682,7.0276666665
2903,4.3968563,6.473666667
2904,4.402103,5.655749999999999
2905,4.4028344,5.181416667000001
2906,4.404083,4.7100833335
2907,4.407814,4.5648333335
2908,4.408015,4.325416667
2909,4.409942,3.916166667
2910,4.4337673,3.3853333329999997
2911,4.4364734,2.7351666664999996
2912,4.4488897,2.0544166665
2913,4.4783053,1.8579166665
2914,4.483564,1.7121666665
2915,4.492268,1.62325
2916,4.5132504,1.486
2917,4.5151267,1.6460833335
2918,4.528327,2.9653333335
2919,4.5320635,4.112583333
2920,4.5326786,4.77925
2921,4.534356,5.372916667
2922,4.543036,6.0032499999999995
2923,4.545452,6.365333333000001
2924,4.5580583,6.3563333335
2925,4.571847,6.1008333335
2926,4.5959215,6.005
2927,4.604416,5.669916666500001
2928,4.6219416,5.3521666665000005
2929,4.622995,4.9879166665
2930,4.633328,4.6375833335
2931,4.6392355,3.861666667
2932,4.6536255,3.893083333
2933,4.6635523,4.368499999999999
2934,4.6779284,4.1713333335
2935,4.6865582,4.087
2936,4.712853,4.3625
2937,4.717484,4.5976666665
2938,4.750923,4.7403333335
2939,4.7801986,5.1311666665
2940,4.7830586,5.3880833335
2941,4.7839184,5.576916667000001
2942,4.7888675,5.617166667
2943,4.8009696,5.753
2944,4.8140206,6.340666666500001
2945,4.825905,6.818
2946,4.841572,7.7379166665
2947,4.850516,8.602166666999999
2948,4.877273,8.9240833335
2949,4.88389,8.793166667
2950,4.901284,7.846333333
2951,4.905415,7.15075
2952,4.9072967,6.734
2953,4.907303,6.1535833335
2954,4.907614,5.462666667
2955,4.9136596,4.80375
2956,4.9324594,4.2094166665
2957,4.9439154,3.4049166665
2958,4.953201,3.0098333329999996
2959,5.0179276,2.7476666665
2960,5.024381,2.368583333
2961,5.027886,2.2635
2962,5.0387297,2.1186666670000003
2963,5.0566607,2.0070833329999997
2964,5.0599422,1.71125
2965,5.0872188,2.2785833330000003
2966,5.0938487,3.3628333335000002
2967,5.1069293,3.6633333335000002
2968,5.1121454,3.6099166665
2969,5.1156316,3.48575
2970,5.1240344,3.5228333335000004
2971,5.1525297,3.8610833335
2972,5.1601186,4.1103333335
2973,5.1617928,4.2099166665
2974,5.177011,4.20875
2975,5.198906,4.0365833335
2976,5.2179604,3.6149166665
2977,5.2235537,2.5925000000000002
2978,5.268717,1.8831666664999998
2979,5.3078713,1.6099166665
2980,5.315131,1.9426666665
2981,5.3364835,2.3623333334999996
2982,5.4071555,3.1290833335
2983,5.407342,2.8983333335
2984,5.4826064,2.33575
2985,5.4891076,2.18325
2986,5.524952,1.8947500000000002
2987,5.566536,1.7469999999999999
2988,5.779585,1.84425
2989,5.981792,2.6857499999999996
2990,6.037929,3.5131666665
2991,6.1360426,3.64625
2992,6.1876516,3.66275
2993,6.305981,3.9034166665
2994,6.4006286,3.901083333
2995,6.599542,3.4379166665000005
2996,6.7131763,3.2444166665000003
2997,6.728977,3.5665
2998,6.8465786,3.7555833334999997
